page_url,제품명,제품 소개,cate1,cate2,가격,성별,XS이하,S,M,L,XL이상
https://www.nike.com/kr/t/스포츠웨어-칠-니트-여성-슬림-긴팔-크롭-탑-MVpJND1j/HF5323-338,여성 슬림 긴팔 크롭 탑,나이키 스포츠웨어 칠 니트,탑 & 티셔츠,그래픽 티셔츠,"55,000 원",W,1,1,1,1,1
https://www.nike.com/kr/t/스포츠웨어-여성-니트-긴팔-크롭-탑-yG8hM1SU/HQ2974-010,여성 니트 긴팔 크롭 탑,나이키 스포츠웨어,탑 & 티셔츠,그래픽 티셔츠,"59,000 원",W,0,1,1,1,1
https://www.nike.com/kr/t/acg-여성-드라이-핏-루즈-반팔-티셔츠-RPqNRlLJ/HF3281-010,여성 드라이 핏 루즈 반팔 티셔츠,나이키 ACG,탑 & 티셔츠,그래픽 티셔츠,"59,000 원",W,0,1,1,1,1
https://www.nike.com/kr/t/프로-여성-드라이-핏-긴팔-크롭-티셔츠-ID86JiGa/HF0775-100,여성 드라이 핏 긴팔 크롭 티셔츠,나이키 프로,탑 & 티셔츠,그래픽 티셔츠,"55,000 원",W,0,0,0,0,1
https://www.nike.com/kr/t/조던-헤리티지-여성-그래픽-티셔츠-T2igfb7X/HQ2673-133,여성 그래픽 티셔츠,조던 헤리티지,탑 & 티셔츠,그래픽 티셔츠,"59,000 원",W,0,1,1,1,1
https://www.nike.com/kr/t/조던-여성-오버사이즈-그래픽-티셔츠-dC5GHsth/FV7120-100,여성 오버사이즈 그래픽 티셔츠,조던,탑 & 티셔츠,그래픽 티셔츠,"69,000 원",W,0,1,1,1,0
https://www.nike.com/kr/t/acg-여성-루즈-그래픽-티셔츠-AUt2R9mk/FV7326-010,여성 루즈 그래픽 티셔츠,나이키 ACG,탑 & 티셔츠,그래픽 티셔츠,"59,000 원",W,0,0,1,0,0
https://www.nike.com/kr/t/스포츠웨어-에센셜-여성-오버사이즈-티셔츠-XGfd02HE/HQ3011-003,여성 오버사이즈 티셔츠,나이키 스포츠웨어 에센셜,탑 & 티셔츠,그래픽 티셔츠,"59,000 원",W,0,0,1,1,0
https://www.nike.com/kr/t/스포츠웨어-여성-루즈-반팔-크롭-티셔츠-59IH6h08/FZ2856-478,여성 루즈 반팔 크롭 티셔츠,나이키 스포츠웨어,탑 & 티셔츠,그래픽 티셔츠,"49,000 원",W,1,1,1,1,0
https://www.nike.com/kr/t/스포츠웨어-여성-링거-티셔츠-aduBozVZ/HJ6872-100,여성 링거 티셔츠,나이키 스포츠웨어,탑 & 티셔츠,그래픽 티셔츠,"49,000 원",W,0,1,1,1,1
https://www.nike.com/kr/t/스포츠웨어-칠-니트-여성-슬림-크롭-티셔츠-g0lffSCz/HF8820-010,여성 슬림 크롭 티셔츠,나이키 스포츠웨어 칠 니트,탑 & 티셔츠,그래픽 티셔츠,"59,000 원",W,1,1,1,1,1
https://www.nike.com/kr/t/sb-로고-스케이트보딩-티셔츠-Cyk3B5V9/DC7818-010,로고 스케이트보딩 티셔츠,나이키 SB,탑 & 티셔츠,그래픽 티셔츠,"49,000 원",W,0,0,0,0,1
https://www.nike.com/kr/t/스포츠웨어-에센셜-여성-크롭-티셔츠-XfMvOqRR/BV6176-100,여성 크롭 티셔츠,나이키 스포츠웨어 에센셜,탑 & 티셔츠,그래픽 티셔츠,"45,000 원",W,0,0,0,0,1
https://www.nike.com/kr/t/티셔츠-a4kPACql/HV9489-010,티셔츠,나이키,탑 & 티셔츠,그래픽 티셔츠,"45,000 원",W,1,1,1,1,1
https://www.nike.com/kr/t/스포츠웨어-에센셜-여성-슬림-핏-크롭-티셔츠-g2AAm0KW/FB2874-474,여성 슬림 핏 크롭 티셔츠,나이키 스포츠웨어 에센셜,탑 & 티셔츠,그래픽 티셔츠,"49,000 원",W,0,1,1,1,1
https://www.nike.com/kr/t/스포츠웨어-에센셜-여성-로고-티셔츠-dKKrwduj/DX7907-100,여성용 로고 티셔츠,나이키 스포츠웨어 에센셜,탑 & 티셔츠,그래픽 티셔츠,"45,000 원",W,0,0,0,1,1
https://www.nike.com/kr/t/sb-스케이트보딩-티셔츠-9iuZr3Hz/FZ4109-100,스케이트보딩 티셔츠,나이키 SB,탑 & 티셔츠,그래픽 티셔츠,"55,000 원",W,0,1,1,1,1
https://www.nike.com/kr/t/스포츠웨어-티셔츠-TZWJPvo1/HV9487-010,티셔츠,나이키 스포츠웨어,탑 & 티셔츠,그래픽 티셔츠,"45,000 원",W,0,1,1,1,0
https://www.nike.com/kr/t/스포츠웨어-프리미엄-에센셜-남성-티셔츠-kxhNK9v6/DO7393-010,남성 티셔츠,나이키 스포츠웨어 프리미엄 에센셜,탑 & 티셔츠,그래픽 티셔츠,"59,000 원",W,0,0,0,0,1
https://www.nike.com/kr/t/스포츠웨어-에센셜-여성-티셔츠-fw2OtXPY/HM4625-663,여성 티셔츠,나이키 스포츠웨어 에센셜,탑 & 티셔츠,그래픽 티셔츠,"55,000 원",W,0,0,1,1,0
https://www.nike.com/kr/t/스포츠웨어-에센셜-여성-박시-티셔츠-YDJePold/DD1238-634,여성 박시 티셔츠,나이키 스포츠웨어 에센셜,탑 & 티셔츠,그래픽 티셔츠,"49,000 원",W,0,0,1,0,1
https://www.nike.com/kr/t/에어-조던-워드마크-85-남성-티셔츠-Uf95fsbq/HF3447-085,남성 티셔츠,에어 조던 워드마크 85,탑 & 티셔츠,그래픽 티셔츠,"69,000 원",W,0,0,0,0,1
https://www.nike.com/kr/t/드라이-핏-여성-티셔츠-JeudaG3V/DX0688-100,여성 티셔츠,나이키 드라이 핏,탑 & 티셔츠,그래픽 티셔츠,"39,000 원",W,0,0,1,0,0
https://www.nike.com/kr/t/스포츠웨어-칠-니트-여성-티셔츠-kdwsDjZe/FV5509-010,여성 티셔츠,나이키 스포츠웨어 칠 니트,탑 & 티셔츠,그래픽 티셔츠,"49,000 원",W,0,0,0,1,0
https://www.nike.com/kr/t/스포츠웨어-여성-티셔츠-JEK8ZbjZ/HQ4329-100,여성 티셔츠,나이키 스포츠웨어,탑 & 티셔츠,그래픽 티셔츠,"45,000 원",W,1,1,1,1,1
https://www.nike.com/kr/t/스포츠웨어-클럽-남성-티셔츠-62l1iPuq/AR4999-371,남성 티셔츠,나이키 스포츠웨어 클럽,탑 & 티셔츠,그래픽 티셔츠,"39,000 원",W,0,0,0,0,1
https://www.nike.com/kr/t/sb-usa-스케이트보딩-티셔츠-rrhGhRAe/FZ8935-417,스케이트보딩 티셔츠,나이키 SB USA,탑 & 티셔츠,그래픽 티셔츠,"49,000 원",W,0,0,1,1,1
https://www.nike.com/kr/t/스포츠웨어-칠-니트-여성-슬림-긴팔-크롭-그래픽-티셔츠-Kyw0NxhQ/FZ2859-010,여성 슬림 긴팔 크롭 그래픽 티셔츠,나이키 스포츠웨어 칠 니트,탑 & 티셔츠,그래픽 티셔츠,"59,000 원",W,0,1,1,1,1
https://www.nike.com/kr/t/여성-티셔츠-8NB8nXwX/HV9497-010,여성 티셔츠,나이키,탑 & 티셔츠,그래픽 티셔츠,"45,000 원",W,0,0,0,0,1
https://www.nike.com/kr/t/여성-티셔츠-iqPncRZ8/HV9495-010,여성 티셔츠,나이키,탑 & 티셔츠,그래픽 티셔츠,"45,000 원",W,0,0,0,1,0
https://www.nike.com/kr/t/sb-긴팔-스케이트보딩-티셔츠-HkXGaOdP/HF0036-100,긴팔 스케이트보딩 티셔츠,나이키 SB,탑 & 티셔츠,그래픽 티셔츠,"65,000 원",W,0,1,1,1,1
https://www.nike.com/kr/t/조던-여성-그래픽-걸프렌드-티셔츠-HJ3HZVl0/FV7123-100,여성 그래픽 걸프렌드 티셔츠,조던,탑 & 티셔츠,그래픽 티셔츠,"69,000 원",W,0,0,1,1,0
https://www.nike.com/kr/t/스포츠웨어-여성-티셔츠-Vsz31Xnc/HQ4327-685,여성 티셔츠,나이키 스포츠웨어,탑 & 티셔츠,그래픽 티셔츠,"55,000 원",W,0,1,1,1,0
https://www.nike.com/kr/t/스포츠웨어-여성-루즈-긴팔-티셔츠-nQi98TKx/HF0772-218,여성 루즈 긴팔 티셔츠,나이키 스포츠웨어,탑 & 티셔츠,그래픽 티셔츠,"59,000 원",W,0,1,1,1,0
https://www.nike.com/kr/t/sb-티셔츠-WPk086Vz/FZ6707-010,티셔츠,나이키 SB,탑 & 티셔츠,그래픽 티셔츠,"55,000 원",W,0,0,1,1,0
https://www.nike.com/kr/t/sb-맥스90-스케이트보딩-티셔츠-wR9avWBu/FZ6713-100,맥스90 스케이트보딩 티셔츠,나이키 SB,탑 & 티셔츠,그래픽 티셔츠,"55,000 원",W,0,0,1,0,0
https://www.nike.com/kr/t/나오미-오사카-여성-엔지니어드-니트-스웨터-vQQg1axL/FV7802-110,여성 엔지니어드 니트 스웨터,나오미 오사카,탑 & 티셔츠,긴팔,"175,000 원",W,0,1,1,1,1
https://www.nike.com/kr/t/스포츠웨어-여성-오버사이즈-긴팔-저지-hw3KH6tc/FV7772-133,여성 오버사이즈 긴팔 저지,나이키 스포츠웨어,탑 & 티셔츠,긴팔,"95,000 원",W,0,1,1,1,0
https://www.nike.com/kr/t/스포츠웨어-컬렉션-여성-크롭-벨루어-풀집-탑-8cVveFnK/FZ3680-370,여성 크롭 벨루어 풀집 탑,나이키 스포츠웨어 컬렉션,탑 & 티셔츠,긴팔,"99,000 원",W,1,1,1,1,1
https://www.nike.com/kr/t/스포츠웨어-칠-니트-여성-슬림-긴팔-크롭-탑-MVpJND1j/HF5323-338,여성 슬림 긴팔 크롭 탑,나이키 스포츠웨어 칠 니트,탑 & 티셔츠,긴팔,"55,000 원",W,1,1,1,1,1
https://www.nike.com/kr/t/스포츠웨어-에센셜-여성-오버사이즈-긴팔-폴로-i1unIP06/FZ5814-338,여성 오버사이즈 긴팔 폴로,나이키 스포츠웨어 에센셜,탑 & 티셔츠,긴팔,"79,000 원",W,0,1,1,1,1
https://www.nike.com/kr/t/젠비-여성-드라이-핏-긴팔-탑-uLJUiULn/FN3023-010,여성 드라이 핏 긴팔 탑,나이키 젠비,탑 & 티셔츠,긴팔,"89,000 원",W,0,1,1,1,1
https://www.nike.com/kr/t/스포츠웨어-여성-니트-긴팔-크롭-탑-yG8hM1SU/HQ2974-010,여성 니트 긴팔 크롭 탑,나이키 스포츠웨어,탑 & 티셔츠,긴팔,"59,000 원",W,0,1,1,1,1
https://www.nike.com/kr/t/원-피티드-여성-드라이-핏-긴팔-크롭-탑-QqZNYaJl/FV8092-010,여성 드라이 핏 긴팔 크롭 탑,나이키 원 피티드,탑 & 티셔츠,긴팔,"69,000 원",W,1,1,1,1,1
https://www.nike.com/kr/t/스포츠웨어-피닉스-코지-부클레-여성-오버사이즈-니트-가디건-K6yLCRVW/FZ1712-010,여성 오버사이즈 니트 가디건,나이키 스포츠웨어 피닉스 코지 부클레,탑 & 티셔츠,긴팔,"185,000 원",W,0,1,1,1,0
https://www.nike.com/kr/t/스포츠웨어-피닉스-코지-부클레-여성-타이트-긴팔-니트-탑-z7i6YHfp/FZ1717-010,여성 타이트 긴팔 니트 탑,나이키 스포츠웨어 피닉스 코지 부클레,탑 & 티셔츠,긴팔,"95,000 원",W,1,1,1,1,1
https://www.nike.com/kr/t/조던-여성-긴팔-탑-7hRiysUG/FV7186-223,여성 긴팔 탑,조던,탑 & 티셔츠,긴팔,"85,000 원",W,0,1,1,1,1
https://www.nike.com/kr/t/트레일-여성-드라이-핏-긴팔-포켓-러닝-탑-V7KJrw2M/FV6431-010,여성 드라이 핏 긴팔 포켓 러닝 탑,나이키 트레일,탑 & 티셔츠,긴팔,"89,000 원",W,0,0,1,1,0
https://www.nike.com/kr/t/프로-여성-드라이-핏-긴팔-크롭-티셔츠-ID86JiGa/HF0775-100,여성 드라이 핏 긴팔 크롭 티셔츠,나이키 프로,탑 & 티셔츠,긴팔,"55,000 원",W,0,0,0,0,1
https://www.nike.com/kr/t/스포츠웨어-에센셜-여성-루즈-uv-우븐-긴팔-브이넥-탑-QPco4L6d/FV7650-010,여성 루즈 UV 우븐 긴팔 브이넥 탑,나이키 스포츠웨어 에센셜,탑 & 티셔츠,긴팔,"95,000 원",W,0,1,1,1,0
https://www.nike.com/kr/t/드라이-핏-uv-어드밴티지-여성-풀집-골프-탑-khzF7XgZ/DX1490-675,여성 풀집 골프 탑,나이키 드라이 핏 UV 어드밴티지,탑 & 티셔츠,긴팔,"129,000 원",W,0,1,1,1,1
https://www.nike.com/kr/t/에어-조던-여성-니트-가디건-MEc4pWBC/FZ4196-223,여성 니트 가디건,에어 조던,탑 & 티셔츠,긴팔,"205,000 원",W,0,1,1,1,1
https://www.nike.com/kr/t/러닝-디비전-여성-긴팔-러닝-탑-J0dnX9o7/FV6419-010,여성 긴팔 러닝 탑,나이키 러닝 디비전,탑 & 티셔츠,긴팔,"109,000 원",W,0,0,0,1,0
https://www.nike.com/kr/t/조던-여성-긴팔-탑-OExHzb5F/FV7183-223,여성 긴팔 탑,조던,탑 & 티셔츠,긴팔,"99,000 원",W,0,1,1,1,1
https://www.nike.com/kr/t/원-여성-드라이-핏-풀집-미드-레이어-cTEftmwi/FV7952-010,여성 드라이 핏 풀집 미드 레이어,나이키 원,탑 & 티셔츠,긴팔,"95,000 원",W,0,1,0,0,0
https://www.nike.com/kr/t/에센셜-여성-긴팔-하이드로가드-수영-탑-7PAy1Kg5/CZ2372-010,여성 긴팔 하이드로가드 수영 탑,나이키 에센셜,탑 & 티셔츠,긴팔,"89,000 원",W,0,0,1,1,0
https://www.nike.com/kr/t/우먼-바이-윤-여성-가디건-31XIhkQ6/FZ0275-619,여성 가디건,나이키 우먼 바이 윤,탑 & 티셔츠,긴팔,"199,000 원",W,0,1,1,1,1
https://www.nike.com/kr/t/스포츠웨어-여성-니트-재킷-FJEpUNYV/HF4707-010,여성 니트 재킷,나이키 스포츠웨어,탑 & 티셔츠,긴팔,"125,000 원",W,0,1,1,1,1
https://www.nike.com/kr/t/sb-긴팔-플란넬-스케이트보딩-버튼-업-셔츠-xywKQjc6/FN2568-113,긴팔 플란넬 스케이트보딩 버튼 업 셔츠,나이키 SB,탑 & 티셔츠,긴팔,"119,000 원",W,0,1,0,0,0
https://www.nike.com/kr/t/스윔-여성-긴팔-풀집-하이드로가드-525tAVk3/FZ6336-376,여성 긴팔 풀집 하이드로가드,나이키 스윔,탑 & 티셔츠,긴팔,"129,000 원",W,1,1,1,1,0
https://www.nike.com/kr/t/원-클래식-여성-드라이-핏-긴팔-탑-KielCNTG/FN2802-010,여성 드라이 핏 긴팔 탑,나이키 원 클래식,탑 & 티셔츠,긴팔,"55,000 원",W,0,1,0,0,0
https://www.nike.com/kr/t/드라이-핏-빅토리-여성-긴팔-골프-폴로-uR2sKQ6u/DH2317-010,여성 긴팔 골프 폴로,나이키 드라이 핏 빅토리,탑 & 티셔츠,긴팔,"89,000 원",W,0,1,1,0,0
https://www.nike.com/kr/t/스포츠웨어-칠-니트-여성-슬림-긴팔-크롭-그래픽-티셔츠-Kyw0NxhQ/FZ2859-010,여성 슬림 긴팔 크롭 그래픽 티셔츠,나이키 스포츠웨어 칠 니트,탑 & 티셔츠,긴팔,"59,000 원",W,0,1,1,1,1
https://www.nike.com/kr/t/sb-긴팔-스케이트보딩-티셔츠-HkXGaOdP/HF0036-100,긴팔 스케이트보딩 티셔츠,나이키 SB,탑 & 티셔츠,긴팔,"65,000 원",W,0,1,1,1,1
https://www.nike.com/kr/t/에어-여성-긴팔-탑-DdgHGadI/FN1912-010,여성 긴팔 탑,나이키 에어,탑 & 티셔츠,긴팔,"69,000 원",W,0,1,1,1,0
https://www.nike.com/kr/t/원-릴랙스드-여성-드라이-핏-긴팔-탑-QuS0caJU/HQ3230-019,여성 드라이 핏 긴팔 탑,나이키 원 릴랙스드,탑 & 티셔츠,긴팔,"65,000 원",W,0,0,1,0,1
https://www.nike.com/kr/t/스포츠웨어-여성-루즈-긴팔-티셔츠-nQi98TKx/HF0772-218,여성 루즈 긴팔 티셔츠,나이키 스포츠웨어,탑 & 티셔츠,긴팔,"59,000 원",W,0,1,1,1,0
https://www.nike.com/kr/t/드라이-핏-스위프트-엘리먼트-uv-여성-쿼터집-러닝-탑-WmDCyMZr/FB4317-518,여성 쿼터집 러닝 탑,나이키 드라이 핏 스위프트 엘리먼트 UV,탑 & 티셔츠,긴팔,"85,000 원",W,0,1,0,0,0
https://www.nike.com/kr/t/프로-샤인-여성-드라이-핏-에이시메트리컬-크롭-탑-pDh0m53R/FV8101-010,여성 드라이 핏 에이시메트리컬 크롭 탑,나이키 프로 샤인,탑 & 티셔츠,긴팔,"69,000 원",W,0,1,1,1,1
https://www.nike.com/kr/t/acg-델타-리버-여성-드라이-핏-adv-긴팔-탑-Gxsco92B/FV7334-010,여성 드라이 핏 ADV 긴팔 탑,나이키 ACG '델타 리버',탑 & 티셔츠,긴팔,"99,000 원",W,0,1,1,1,1
https://www.nike.com/kr/t/에어-조던-남성-가디건-SCFFMli4/FV7426-070,남성 가디건,에어 조던,탑 & 티셔츠,긴팔,"179,000 원",W,0,0,1,1,1
https://www.nike.com/kr/t/드라이-핏-uv-어드밴티지-여성-하프집-골프-탑-Clpg5TGt/DX1492-010,여성 하프집 골프 탑,나이키 드라이 핏 UV 어드밴티지,탑 & 티셔츠,긴팔,"119,000 원",W,0,0,0,0,1
https://www.nike.com/kr/t/드라이-핏-스위프트-엘리먼트-uv-여성-크루넥-러닝-탑-on7Yk2hS/FB4298-338,여성 크루넥 러닝 탑,나이키 드라이 핏 스위프트 엘리먼트 UV,탑 & 티셔츠,긴팔,"75,000 원",W,0,0,0,1,0
https://www.nike.com/kr/t/투어-여성-드라이-핏-adv-쿼터집-골프-탑-SB20nwe2/FD5628-010,여성 드라이 핏 ADV 쿼터집 골프 탑,나이키 투어,탑 & 티셔츠,긴팔,"139,000 원",W,0,1,1,0,0
https://www.nike.com/kr/t/여성-아티스트-컬렉션-드라이-핏-긴팔-시어-프린트-탑-q5HPmhah/HF6737-629,드라이 핏 긴팔 시어 프린트 탑,나이키 여성 아티스트 컬렉션,탑 & 티셔츠,긴팔,"85,000 원",W,0,1,1,1,1
https://www.nike.com/kr/t/젠비-여성-드라이-핏-반팔-탑-aLTqMmji/FV8127-104,여성 드라이 핏 반팔 탑,나이키 젠비,탑 & 티셔츠,반팔,"85,000 원",W,1,1,1,1,1
https://www.nike.com/kr/t/원-피티드-여성-드라이-핏-반팔-크롭-탑-J9Jj1LOc/FV8089-478,여성 드라이 핏 반팔 크롭 탑,나이키 원 피티드,탑 & 티셔츠,반팔,"65,000 원",W,1,1,1,1,1
https://www.nike.com/kr/t/acg-여성-드라이-핏-루즈-반팔-티셔츠-RPqNRlLJ/HF3281-010,여성 드라이 핏 루즈 반팔 티셔츠,나이키 ACG,탑 & 티셔츠,반팔,"59,000 원",W,0,1,1,1,1
https://www.nike.com/kr/t/조던-헤리티지-여성-그래픽-티셔츠-T2igfb7X/HQ2673-133,여성 그래픽 티셔츠,조던 헤리티지,탑 & 티셔츠,반팔,"59,000 원",W,0,1,1,1,1
https://www.nike.com/kr/t/원-클래식-여성-드라이-핏-반팔-탑-yKGrhtZk/FN2799-010,여성 드라이 핏 반팔 탑,나이키 원 클래식,탑 & 티셔츠,반팔,"49,000 원",W,1,1,1,1,1
https://www.nike.com/kr/t/스포츠웨어-프리미엄-에센셜-남성-티셔츠-kxhNK9v6/DO7393-010,남성 티셔츠,나이키 스포츠웨어 프리미엄 에센셜,탑 & 티셔츠,반팔,"59,000 원",W,0,0,0,0,1
https://www.nike.com/kr/t/스포츠웨어-여성-루즈-반팔-크롭-티셔츠-59IH6h08/FZ2856-478,여성 루즈 반팔 크롭 티셔츠,나이키 스포츠웨어,탑 & 티셔츠,반팔,"49,000 원",W,1,1,1,1,0
https://www.nike.com/kr/t/스포츠웨어-칠-니트-여성-슬림-크롭-티셔츠-g0lffSCz/HF8820-010,여성 슬림 크롭 티셔츠,나이키 스포츠웨어 칠 니트,탑 & 티셔츠,반팔,"59,000 원",W,1,1,1,1,1
https://www.nike.com/kr/t/스포츠웨어-여성-링거-티셔츠-aduBozVZ/HJ6872-010,여성 링거 티셔츠,나이키 스포츠웨어,탑 & 티셔츠,반팔,"49,000 원",W,0,1,1,1,1
https://www.nike.com/kr/t/조던-여성-오버사이즈-그래픽-티셔츠-dC5GHsth/FV7120-100,여성 오버사이즈 그래픽 티셔츠,조던,탑 & 티셔츠,반팔,"69,000 원",W,0,1,1,1,0
https://www.nike.com/kr/t/스포츠웨어-에센셜-여성-슬림-핏-크롭-티셔츠-g2AAm0KW/FB2874-474,여성 슬림 핏 크롭 티셔츠,나이키 스포츠웨어 에센셜,탑 & 티셔츠,반팔,"49,000 원",W,0,1,1,1,1
https://www.nike.com/kr/t/jacquemus-반팔-티셔츠-8mjTYE8I/HF7112-100,반팔 티셔츠,나이키 x Jacquemus,탑 & 티셔츠,반팔,"79,000 원",W,0,1,1,1,1
https://www.nike.com/kr/t/스포츠웨어-에센셜-여성-오버사이즈-티셔츠-XGfd02HE/HQ3011-003,여성 오버사이즈 티셔츠,나이키 스포츠웨어 에센셜,탑 & 티셔츠,반팔,"59,000 원",W,0,0,1,1,0
https://www.nike.com/kr/t/스포츠웨어-에센셜-여성-크롭-티셔츠-XfMvOqRR/BV6176-100,여성 크롭 티셔츠,나이키 스포츠웨어 에센셜,탑 & 티셔츠,반팔,"45,000 원",W,0,0,0,0,1
https://www.nike.com/kr/t/원-피티드-여성-드라이-핏-반팔-크롭-탑-pcNxzUxj/FN2805-010,여성 드라이 핏 반팔 크롭 탑,나이키 원 피티드,탑 & 티셔츠,반팔,"55,000 원",W,0,1,0,0,0
https://www.nike.com/kr/t/우먼-바이-윤-여성-반팔-폴로-G3YhqdoI/FZ0277-100,여성 반팔 폴로,나이키 우먼 바이 윤,탑 & 티셔츠,반팔,"85,000 원",W,0,1,0,0,0
https://www.nike.com/kr/t/acg-여성-루즈-그래픽-티셔츠-AUt2R9mk/FV7326-010,여성 루즈 그래픽 티셔츠,나이키 ACG,탑 & 티셔츠,반팔,"59,000 원",W,0,0,1,0,0
https://www.nike.com/kr/t/티셔츠-a4kPACql/HV9489-010,티셔츠,나이키,탑 & 티셔츠,반팔,"45,000 원",W,1,1,1,1,1
https://www.nike.com/kr/t/sb-로고-스케이트보딩-티셔츠-Cyk3B5V9/DC7818-010,로고 스케이트보딩 티셔츠,나이키 SB,탑 & 티셔츠,반팔,"49,000 원",W,0,0,0,0,1
https://www.nike.com/kr/t/스포츠웨어-티셔츠-TZWJPvo1/HV9487-010,티셔츠,나이키 스포츠웨어,탑 & 티셔츠,반팔,"45,000 원",W,0,1,1,1,0
https://www.nike.com/kr/t/스포츠웨어-에센셜-여성-로고-티셔츠-dKKrwduj/DX7907-100,여성용 로고 티셔츠,나이키 스포츠웨어 에센셜,탑 & 티셔츠,반팔,"45,000 원",W,0,0,0,1,1
https://www.nike.com/kr/t/sb-스케이트보딩-티셔츠-9iuZr3Hz/FZ4109-100,스케이트보딩 티셔츠,나이키 SB,탑 & 티셔츠,반팔,"55,000 원",W,0,1,1,1,1
https://www.nike.com/kr/t/스포츠웨어-여성-반팔-폴로-탑-sSjKslKc/HJ6852-100,여성 반팔 폴로 탑,나이키 스포츠웨어,탑 & 티셔츠,반팔,"65,000 원",W,0,1,1,1,1
https://www.nike.com/kr/t/스포츠웨어-에센셜-여성-반팔-폴로-탑-DvZlQXQv/DV7885-474,여성 반팔 폴로 탑,나이키 스포츠웨어 에센셜,탑 & 티셔츠,반팔,"59,000 원",W,0,1,1,1,1
https://www.nike.com/kr/t/스포츠웨어-에센셜-여성-티셔츠-fw2OtXPY/HM4625-663,여성 티셔츠,나이키 스포츠웨어 에센셜,탑 & 티셔츠,반팔,"55,000 원",W,0,0,1,1,0
https://www.nike.com/kr/t/스포츠웨어-에센셜-여성-박시-티셔츠-YDJePold/DD1238-634,여성 박시 티셔츠,나이키 스포츠웨어 에센셜,탑 & 티셔츠,반팔,"49,000 원",W,0,0,1,0,1
https://www.nike.com/kr/t/원-릴랙스드-여성-드라이-핏-반팔-탑-ZTpflgMq/FN2815-010,여성 드라이 핏 반팔 탑,나이키 원 릴랙스드,탑 & 티셔츠,반팔,"55,000 원",W,0,1,0,0,0
https://www.nike.com/kr/t/에어-조던-워드마크-85-남성-티셔츠-Uf95fsbq/HF3447-085,남성 티셔츠,에어 조던 워드마크 85,탑 & 티셔츠,반팔,"69,000 원",W,0,0,0,0,1
https://www.nike.com/kr/t/드라이-핏-여성-티셔츠-JeudaG3V/DX0688-100,여성 티셔츠,나이키 드라이 핏,탑 & 티셔츠,반팔,"39,000 원",W,0,0,1,0,0
https://www.nike.com/kr/t/젠비-립-여성-드라이-핏-반팔-탑-ylfoXUYm/HF2773-478,여성 드라이 핏 반팔 탑,나이키 젠비 립,탑 & 티셔츠,반팔,"85,000 원",W,0,1,1,1,0
https://www.nike.com/kr/t/스포츠웨어-여성-오버사이즈-프렌치-테리-슈러그-Qq0vlcOJ/FV7510-010,여성 오버사이즈 프렌치 테리 슈러그,나이키 스포츠웨어,탑 & 티셔츠,반팔,"95,000 원",W,0,1,1,1,1
https://www.nike.com/kr/t/스포츠웨어-칠-니트-여성-티셔츠-kdwsDjZe/FV5509-010,여성 티셔츠,나이키 스포츠웨어 칠 니트,탑 & 티셔츠,반팔,"49,000 원",W,0,0,0,1,0
https://www.nike.com/kr/t/에어-조던-남성-데님-탑-G0gqawaJ/FZ2131-010,남성 데님 탑,에어 조던,탑 & 티셔츠,반팔,"139,000 원",W,0,0,0,0,1
https://www.nike.com/kr/t/스포츠웨어-여성-티셔츠-JEK8ZbjZ/HQ4329-100,여성 티셔츠,나이키 스포츠웨어,탑 & 티셔츠,반팔,"45,000 원",W,1,1,1,1,1
https://www.nike.com/kr/t/스포츠웨어-클럽-남성-티셔츠-62l1iPuq/AR4999-371,남성 티셔츠,나이키 스포츠웨어 클럽,탑 & 티셔츠,반팔,"39,000 원",W,0,0,0,0,1
https://www.nike.com/kr/t/sb-usa-스케이트보딩-티셔츠-rrhGhRAe/FZ8935-417,스케이트보딩 티셔츠,나이키 SB USA,탑 & 티셔츠,반팔,"49,000 원",W,0,0,1,1,1
https://www.nike.com/kr/t/jacquemus-여성-트랙-재킷-UUQC493c/FV5690-073,여성 트랙 재킷,나이키 x Jacquemus,탑 & 티셔츠,반팔,"269,000 원",W,1,1,1,1,1
https://www.nike.com/kr/t/조던-여성-우븐-탑-mtoo1zuT/FV7093-366,여성 우븐 탑,조던,탑 & 티셔츠,반팔,"95,000 원",W,0,1,1,0,0
https://www.nike.com/kr/t/원-피티드-립-여성-드라이-핏-반팔-크롭-탑-MTrD84dq/FV7875-010,여성 드라이 핏 반팔 크롭 탑,나이키 원 피티드 립,탑 & 티셔츠,반팔,"65,000 원",W,0,1,1,1,1
https://www.nike.com/kr/t/sb-남성-드라이-핏-adv-반팔-스케이트보딩-폴로-A8X7Yxde/FZ7006-394,남성 드라이 핏 ADV 반팔 스케이트보딩 폴로,나이키 SB,탑 & 티셔츠,반팔,"75,000 원",W,0,0,0,0,0
https://www.nike.com/kr/t/여성-티셔츠-8NB8nXwX/HV9497-010,여성 티셔츠,나이키,탑 & 티셔츠,반팔,"45,000 원",W,0,0,0,0,1
https://www.nike.com/kr/t/sb-반팔-버튼업-스케이트보딩-볼러-셔츠-pvUYlmKX/FZ4059-394,반팔 버튼업 스케이트보딩 볼러 셔츠,나이키 SB,탑 & 티셔츠,반팔,"99,000 원",W,0,0,1,1,1
https://www.nike.com/kr/t/여성-티셔츠-iqPncRZ8/HV9495-010,여성 티셔츠,나이키,탑 & 티셔츠,반팔,"45,000 원",W,0,0,0,1,0
https://www.nike.com/kr/t/스포츠웨어-칠-니트-여성-타이트-스쿱-백-반팔-미니-골지-탑-7EbOxGHP/FN3665-509,여성 타이트 스쿱 백 반팔 미니 골지 탑,나이키 스포츠웨어 칠 니트,탑 & 티셔츠,반팔,"59,000 원",W,0,0,0,1,1
https://www.nike.com/kr/t/원-클래식-여성-드라이-핏-반팔-크롭-트위스트-탑-AhBeAYvQ/FN2852-376,여성 드라이 핏 반팔 크롭 트위스트 탑,나이키 원 클래식,탑 & 티셔츠,반팔,"49,000 원",W,0,1,1,1,1
https://www.nike.com/kr/t/조던-여성-그래픽-걸프렌드-티셔츠-HJ3HZVl0/FV7123-100,여성 그래픽 걸프렌드 티셔츠,조던,탑 & 티셔츠,반팔,"69,000 원",W,0,0,1,1,0
https://www.nike.com/kr/t/스포츠웨어-여성-티셔츠-Vsz31Xnc/HQ4327-685,여성 티셔츠,나이키 스포츠웨어,탑 & 티셔츠,반팔,"55,000 원",W,0,1,1,1,0
https://www.nike.com/kr/t/sb-스웨터-베스트-AikondAZ/FV7392-523,스웨터 베스트,나이키 SB,탑 & 티셔츠,민소매 & 탱크탑,"119,000 원",W,0,0,1,0,1
https://www.nike.com/kr/t/스포츠웨어-피닉스-플리스-여성-루즈-브이넥-민소매-크롭-탑-cecqtzSJ/FV6317-010,여성 루즈 브이넥 민소매 크롭 탑,나이키 스포츠웨어 피닉스 플리스,탑 & 티셔츠,민소매 & 탱크탑,"79,000 원",W,0,0,0,1,0
https://www.nike.com/kr/t/스포츠웨어-여성-골지-탱크-탑-3yqpANsv/FZ1143-133,여성 골지 탱크 탑,나이키 스포츠웨어,탑 & 티셔츠,민소매 & 탱크탑,"49,000 원",W,0,1,1,1,1
https://www.nike.com/kr/t/스포츠웨어-칠-테리-여성-슬림-크롭-하프집-프렌치-테리-탱크-탑-Tr3Du7uw/FV7492-051,여성 슬림 크롭 하프집 프렌치 테리 탱크 탑,나이키 스포츠웨어 칠 테리,탑 & 티셔츠,민소매 & 탱크탑,"69,000 원",W,0,0,0,1,1
https://www.nike.com/kr/t/엘레이트-여성-라이트-서포트-패드-스포츠-브라-탱크-탑-CuUqR3uc/FN0544-320,여성 라이트 서포트 패드 스포츠 브라 탱크 탑,나이키 엘레이트,탑 & 티셔츠,민소매 & 탱크탑,"69,000 원",W,0,0,1,0,0
https://www.nike.com/kr/t/조던-여성-탱크-tBXWtfUo/DX4701-010,여성 탱크,조던,탑 & 티셔츠,민소매 & 탱크탑,"49,000 원",W,0,0,0,0,1
https://www.nike.com/kr/t/코트-슬램-여성-드라이-핏-테니스-탱크-탑-0KVA10VB/FQ2122-338,여성 드라이 핏 테니스 탱크 탑,나이키코트 슬램,탑 & 티셔츠,민소매 & 탱크탑,"85,000 원",W,0,1,1,1,0
https://www.nike.com/kr/t/젠비-립-여성-드라이-핏-탱크-탑-lDpucjuJ/HF2766-634,여성 드라이 핏 탱크 탑,나이키 젠비 립,탑 & 티셔츠,민소매 & 탱크탑,"75,000 원",W,0,1,1,1,1
https://www.nike.com/kr/t/러닝-디비전-여성-드라이-핏-포켓-러닝-탱크-탑-hHt17bxI/FV6382-629,여성 드라이 핏 포켓 러닝 탱크 탑,나이키 러닝 디비전,탑 & 티셔츠,민소매 & 탱크탑,"85,000 원",W,0,0,0,0,1
https://www.nike.com/kr/t/토트넘-홋스퍼-2024-25-스타디움-어웨이-남성-드라이-핏-축구-레플리카-저지-0C28yGIc/FN8788-480,남성 나이키 드라이 핏 축구 레플리카 저지,토트넘 홋스퍼 2024/25 스타디움 어웨이,탑 & 티셔츠,저지,"129,000 원",W,0,1,1,1,1
https://www.nike.com/kr/t/파리-생제르맹-2024-25-스타디움-어웨이-남성-드라이-핏-축구-레플리카-저지-Pxy68QTa/FN8781-101,남성 나이키 드라이 핏 축구 레플리카 저지,파리 생제르맹 2024/25 스타디움 어웨이,탑 & 티셔츠,저지,"129,000 원",W,0,0,1,1,1
https://www.nike.com/kr/t/스포츠웨어-에센셜-여성-오버사이즈-긴팔-폴로-i1unIP06/FZ5814-338,여성 오버사이즈 긴팔 폴로,나이키 스포츠웨어 에센셜,탑 & 티셔츠,폴로,"79,000 원",W,0,1,1,1,1
https://www.nike.com/kr/t/스포츠웨어-에센셜-여성-반팔-폴로-탑-DvZlQXQv/DV7885-104,여성 반팔 폴로 탑,나이키 스포츠웨어 에센셜,탑 & 티셔츠,폴로,"59,000 원",W,0,1,1,1,1
https://www.nike.com/kr/t/스포츠웨어-여성-반팔-폴로-탑-sSjKslKc/HJ6852-100,여성 반팔 폴로 탑,나이키 스포츠웨어,탑 & 티셔츠,폴로,"65,000 원",W,0,1,1,1,1
https://www.nike.com/kr/t/드라이-핏-빅토리-여성-긴팔-골프-폴로-uR2sKQ6u/DH2317-010,여성 긴팔 골프 폴로,나이키 드라이 핏 빅토리,탑 & 티셔츠,폴로,"89,000 원",W,0,1,1,0,0
https://www.nike.com/kr/t/sb-남성-드라이-핏-adv-반팔-스케이트보딩-폴로-A8X7Yxde/FZ7006-394,남성 드라이 핏 ADV 반팔 스케이트보딩 폴로,나이키 SB,탑 & 티셔츠,폴로,"75,000 원",W,0,0,0,0,0
https://www.nike.com/kr/t/드라이-핏-빅토리-여성-골프-폴로-UFa2CFju/DH2310-010,여성 골프 폴로,나이키 드라이 핏 빅토리,탑 & 티셔츠,폴로,"79,000 원",W,0,1,0,0,0
https://www.nike.com/kr/t/에어-조던-여성-니트-베스트-BadPVahQ/FV7114-133,여성 니트 베스트,에어 조던,탑 & 티셔츠,버튼다운 & 플란넬,"175,000 원",W,0,1,1,1,0
https://www.nike.com/kr/t/스포츠웨어-클럽-플리스-여성-크루넥-스웻셔츠-CTqPQVRi/HV6499-141,여성 크루넥 스웻셔츠,나이키 스포츠웨어 클럽 플리스,후디 & 크루,풀오버,"79,000 원",W,1,1,1,1,1
https://www.nike.com/kr/t/조던-브루클린-플리스-여성-프렌치-테리-크루넥-스웻셔츠-onbpAWne/HV1749-063,여성 프렌치 테리 크루넥 스웻셔츠,조던 브루클린 플리스,후디 & 크루,풀오버,"85,000 원",W,0,1,1,1,1
https://www.nike.com/kr/t/조던-브루클린-플리스-여성-그래픽-크루넥-스웻셔츠-rGIhMGKg/HM5499-341,여성 그래픽 크루넥 스웻셔츠,조던 브루클린 플리스,후디 & 크루,풀오버,"95,000 원",W,0,1,1,1,0
https://www.nike.com/kr/t/원-여성-써마-핏-오버사이즈-하프집-플리스-탑-CeKdtais/FV7956-338,여성 써마 핏 오버사이즈 하프집 플리스 탑,나이키 원,후디 & 크루,풀오버,"105,000 원",W,0,1,1,1,1
https://www.nike.com/kr/t/조던-플라이트-플리스-여성-크롭-스웻셔츠-kbSkwFgH/FV7153-601,여성 크롭 스웻셔츠,조던 플라이트 플리스,후디 & 크루,풀오버,"129,000 원",W,0,1,1,1,1
https://www.nike.com/kr/t/acg-캔웰-글레이셔-남성-써마-핏-adv-윈드프루프-재킷-R4wglt1w/FV8654-247,남성 써마 핏 ADV 윈드프루프 재킷,나이키 ACG '캔웰 글레이셔',후디 & 크루,풀오버,"209,000 원",W,0,1,1,1,1
https://www.nike.com/kr/t/스포츠웨어-피닉스-플리스-여성-오버사이즈-쿼터집-로고-탑-TAdIKkUX/FV7680-218,여성 오버사이즈 쿼터집 로고 탑,나이키 스포츠웨어 피닉스 플리스,후디 & 크루,풀오버,"109,000 원",W,0,0,1,1,1
https://www.nike.com/kr/t/스포츠웨어-피닉스-플러시-여성-슬림-긴팔-코지-플리스-하프집-탑-FypuWCqL/FV8029-010,여성 슬림 긴팔 코지 플리스 하프집 탑,나이키 스포츠웨어 피닉스 플러시,후디 & 크루,풀오버,"79,000 원",W,1,1,1,1,1
https://www.nike.com/kr/t/스포츠웨어-클럽-플리스-여성-크루-넥-스웻셔츠-tb1WUeR1/DQ5474-370,여성 크루 넥 스웻셔츠,나이키 스포츠웨어 클럽 플리스,후디 & 크루,풀오버,"75,000 원",W,0,1,1,1,1
https://www.nike.com/kr/t/스포츠웨어-테크-플리스-여성-오버사이즈-크루넥-스웻셔츠-sn1jPZFr/FV8042-370,여성 오버사이즈 크루넥 스웻셔츠,나이키 스포츠웨어 테크 플리스,후디 & 크루,풀오버,"139,000 원",W,0,1,1,1,1
https://www.nike.com/kr/t/스포츠웨어-피닉스-플리스-여성-오버사이즈-크루넥-스웻셔츠-2bxHMb1z/DQ5734-104,여성 오버사이즈 크루넥 스웻셔츠,나이키 스포츠웨어 피닉스 플리스,후디 & 크루,풀오버,"89,000 원",W,0,0,1,1,1
https://www.nike.com/kr/t/코트-헤리티지-여성-오버-오버사이즈-크루넥-그래픽-테니스-스웻셔츠-oqkx4zDO/FQ2243-237,여성 오버 오버사이즈 크루넥 그래픽 테니스 스웻셔츠,나이키코트 헤리티지,후디 & 크루,풀오버,"115,000 원",W,0,1,1,1,1
https://www.nike.com/kr/t/sb-플리스-스케이트보딩-크루-2rpsQhOT/FV7354-063,플리스 스케이트보딩 크루,나이키 SB,후디 & 크루,풀오버,"95,000 원",W,0,0,0,1,1
https://www.nike.com/kr/t/스포츠웨어-피닉스-플리스-여성-오버-오버사이즈-크루넥-로고-스웻셔츠-Nm72cDuv/FV7675-218,여성 오버 오버사이즈 크루넥 로고 스웻셔츠,나이키 스포츠웨어 피닉스 플리스,후디 & 크루,풀오버,"109,000 원",W,0,1,1,1,1
https://www.nike.com/kr/t/스포츠웨어-피닉스-플리스-여성-오버사이즈-하프집-크롭-스웻셔츠-KRjRBPik/DQ5768-632,여성 오버사이즈 하프집 크롭 스웻셔츠,나이키 스포츠웨어 피닉스 플리스,후디 & 크루,풀오버,"95,000 원",W,0,1,1,1,1
https://www.nike.com/kr/t/스포츠웨어-피닉스-플리스-여성-오버-오버사이즈-크루넥-스웻셔츠-UMSfkGhe/DQ5762-338,여성 오버-오버사이즈 크루넥 스웻셔츠,나이키 스포츠웨어 피닉스 플리스,후디 & 크루,풀오버,"95,000 원",W,0,0,0,1,0
https://www.nike.com/kr/t/스포츠웨어-피닉스-플리스-여성-오버사이즈-쿼터집-폴로-Lzhqmdoq/FZ3208-010,여성 오버사이즈 쿼터집 폴로,나이키 스포츠웨어 피닉스 플리스,후디 & 크루,풀오버,"105,000 원",W,0,0,1,0,0
https://www.nike.com/kr/t/조던-플라이트-플리스-여성-크루넥-스웻셔츠-lRPrgHoc/FV7054-601,여성 크루넥 스웻셔츠,조던 플라이트 플리스,후디 & 크루,풀오버,"115,000 원",W,0,1,1,1,1
https://www.nike.com/kr/t/스포츠웨어-여성-오버사이즈-풀집-프렌치-테리-후디-Frt81WFp/FV7516-133,여성 오버사이즈 풀집 프렌치 테리 후디,나이키 스포츠웨어,후디 & 크루,풀오버,"119,000 원",W,0,1,1,1,1
https://www.nike.com/kr/t/스포츠웨어-피닉스-플리스-여성-아티스트-컬렉션-오버-오버사이즈-크루넥-스웻셔츠-P7pkurAN/HF4690-133,오버 오버사이즈 크루넥 스웻셔츠,나이키 스포츠웨어 피닉스 플리스 여성 아티스트 컬렉션,후디 & 크루,풀오버,"109,000 원",W,0,1,1,1,0
https://www.nike.com/kr/t/스포츠웨어-스우시-여성-프렌치-테리-크루-Yf6ugec7/CJ3767-010,여성 프렌치 테리 크루,나이키 스포츠웨어 스우시,후디 & 크루,풀오버,"79,000 원",W,0,1,1,1,1
https://www.nike.com/kr/t/스포츠웨어-피닉스-플리스-여성-오버사이즈-트랙-재킷-XawvZKUi/FZ3205-010,여성 오버사이즈 트랙 재킷,나이키 스포츠웨어 피닉스 플리스,후디 & 크루,풀오버,"105,000 원",W,0,0,0,0,1
https://www.nike.com/kr/t/스포츠웨어-피닉스-플리스-여성-오버-오버사이즈-크루넥-프렌치-테리-스웻셔츠-XlyVrb5k/FZ6810-474,여성 오버-오버사이즈 크루넥 프렌치 테리 스웻셔츠,나이키 스포츠웨어 피닉스 플리스,후디 & 크루,풀오버,"95,000 원",W,0,1,1,1,1
https://www.nike.com/kr/t/스포츠웨어-피닉스-플리스-여성-루즈-브이넥-민소매-크롭-탑-cecqtzSJ/FV6317-010,여성 루즈 브이넥 민소매 크롭 탑,나이키 스포츠웨어 피닉스 플리스,후디 & 크루,풀오버,"79,000 원",W,0,0,0,1,0
https://www.nike.com/kr/t/스포츠웨어-여성-오버사이즈-프렌치-테리-슈러그-Qq0vlcOJ/FV7510-010,여성 오버사이즈 프렌치 테리 슈러그,나이키 스포츠웨어,후디 & 크루,풀오버,"95,000 원",W,0,1,1,1,1
https://www.nike.com/kr/t/스포츠웨어-칠-테리-여성-슬림-크롭-하프집-프렌치-테리-탱크-탑-Tr3Du7uw/FV7492-051,여성 슬림 크롭 하프집 프렌치 테리 탱크 탑,나이키 스포츠웨어 칠 테리,후디 & 크루,풀오버,"69,000 원",W,0,0,0,1,1
https://www.nike.com/kr/t/조던-브루클린-플리스-여성-크루넥-스웻셔츠-RZkHJfJK/FV7087-203,여성 크루넥 스웻셔츠,조던 브루클린 플리스,후디 & 크루,풀오버,"89,000 원",W,0,0,1,1,0
https://www.nike.com/kr/t/드라이-핏-원-여성-크루넥-프렌치-테리-스웻셔츠-mnuzTmdu/FB5126-010,여성 크루넥 프렌치 테리 스웻셔츠,나이키 드라이 핏 원,후디 & 크루,풀오버,"85,000 원",W,0,1,1,0,0
https://www.nike.com/kr/t/솔로-스우시-남성-플리스-크루-xn5FjzNR/DX1362-063,남성 플리스 크루,나이키 솔로 스우시,후디 & 크루,풀오버,"119,000 원",W,0,0,1,1,1
https://www.nike.com/kr/t/스포츠웨어-플러시-여성-모드-크롭-크루-넥-스웻셔츠-nJYx8i57/DQ6845-133,여성 모드 크롭 크루넥 스웻셔츠,나이키 스포츠웨어 플러시,후디 & 크루,풀오버,"115,000 원",W,0,1,1,1,1
https://www.nike.com/kr/t/스포츠웨어-여성-오버사이즈-하프집-크롭-플리스-스웻셔츠-KxA21ZFZ/FZ4737-141,여성 오버사이즈 하프집 크롭 플리스 스웻셔츠,나이키 스포츠웨어,후디 & 크루,풀오버,"105,000 원",W,0,0,0,1,1
https://www.nike.com/kr/t/클럽-플리스-남성-긴팔-플리스-폴로-W4uSAnxg/FN3113-365,남성 긴팔 플리스 폴로,나이키 클럽 플리스,후디 & 크루,풀오버,"115,000 원",W,0,1,1,1,0
https://www.nike.com/kr/t/스포츠웨어-여성-벨루어-쿼터집-탑-7Qgl9mgd/DQ5939-010,여성 벨루어 쿼터집 탑,나이키 스포츠웨어,후디 & 크루,풀오버,"115,000 원",W,0,1,1,1,1
https://www.nike.com/kr/t/스포츠웨어-클럽-플리스-크루-oV2XA95Q/BV2663-010,크루,나이키 스포츠웨어 클럽 플리스,후디 & 크루,풀오버,"75,000 원",W,0,1,1,1,1
https://www.nike.com/kr/t/스포츠웨어-클럽-남성-프렌치-테리-크루-dRCHo4Yw/BV2667-063,남성 프렌치 테리 크루,나이키 스포츠웨어 클럽,후디 & 크루,풀오버,"75,000 원",W,0,0,0,0,1
https://www.nike.com/kr/t/스포츠웨어-클럽-플리스-여성-하프집-스웻셔츠-RLGJjT7S/DQ5839-010,여성 하프집 스웻셔츠,나이키 스포츠웨어 클럽 플리스,후디 & 크루,풀오버,"85,000 원",W,0,1,1,0,0
https://www.nike.com/kr/t/조던-브루클린-플리스-남성-크루넥-스웻셔츠-XeZEoMUL/FV7293-010,남성 크루넥 스웻셔츠,조던 브루클린 플리스,후디 & 크루,풀오버,"85,000 원",W,0,1,1,1,1
https://www.nike.com/kr/t/프로-365-여성-8인치-쇼츠-WgfOQ4yP/CZ9841-010,여성 8인치 쇼츠,나이키 프로 365,쇼츠,쇼츠,"49,000 원",W,0,1,1,1,1
https://www.nike.com/kr/t/프로-스컬프트-여성-하이웨이스트-3인치-바이커-쇼츠-LG0rhaf5/FV7936-010,여성 하이웨이스트 3인치 바이커 쇼츠,나이키 프로 스컬프트,쇼츠,쇼츠,"65,000 원",W,1,1,1,1,1
https://www.nike.com/kr/t/파리-생제르맹-여성-플리스-쇼츠-L9bK1JzT/FV7752-045,여성 플리스 쇼츠,파리 생제르맹,쇼츠,쇼츠,"69,000 원",W,0,1,0,0,0
https://www.nike.com/kr/t/러닝-디비전-여성-3인치-언라인드-반사-러닝-쇼츠-JTJU2rEO/HF6929-011,여성 3인치 언라인드 반사 러닝 쇼츠,나이키 러닝 디비전,쇼츠,쇼츠,"89,000 원",W,0,1,1,1,1
https://www.nike.com/kr/t/드라이-핏-원-여성-미드라이즈-3인치-브리프-라인드-쇼츠-VnECpjjq/DX6011-338,여성 미드라이즈 3인치 브리프 라인드 쇼츠,나이키 드라이 핏 원,쇼츠,쇼츠,"49,000 원",W,0,1,1,1,1
https://www.nike.com/kr/t/스윔-퓨전-로고-테이프-여성-킥-쇼츠-u0t7mTtd/FD3480-010,여성 킥 쇼츠,나이키 스윔 퓨전 로고 테이프,쇼츠,쇼츠,"79,000 원",W,1,1,1,1,1
https://www.nike.com/kr/t/윈드러너-여성-미드라이즈-2인치-우븐-쇼츠-ixu6PjVP/FV7501-010,여성 미드라이즈 2인치 우븐 쇼츠,나이키 윈드러너,쇼츠,쇼츠,"65,000 원",W,1,1,1,1,1
https://www.nike.com/kr/t/스윔-여성-보드-쇼츠-caSe9zmA/DM3745-010,여성 보드 쇼츠,나이키 스윔,쇼츠,쇼츠,"79,000 원",W,1,0,0,0,0
https://www.nike.com/kr/t/에어로스위프트-여성-드라이-핏-adv-미드라이즈-브리프-라인드-3인치-러닝-쇼츠-sKfhxF4d/FN2329-010,여성 드라이 핏 ADV 미드라이즈 브리프 라인드 3인치 러닝 쇼츠,나이키 에어로스위프트,쇼츠,쇼츠,"95,000 원",W,0,0,0,0,0
https://www.nike.com/kr/t/프로-365-여성-5인치-쇼츠-KrEzDs4M/CZ9832-010,여성 5인치 쇼츠,나이키 프로 365,쇼츠,쇼츠,"45,000 원",W,1,1,0,1,0
https://www.nike.com/kr/t/스포츠웨어-에센셜-여성-리펠-미드라이즈-쇼츠-gVwGyHYK/DM6761-010,여성 리펠 미드라이즈 쇼츠,나이키 스포츠웨어 에센셜,쇼츠,쇼츠,"45,000 원",W,0,1,0,0,0
https://www.nike.com/kr/t/스포츠웨어-에센셜-여성-하이라이즈-우븐-쇼츠-g7ibeQjS/DM6740-010,여성 하이라이즈 우븐 쇼츠,나이키 스포츠웨어 에센셜,쇼츠,쇼츠,"59,000 원",W,1,1,0,0,0
https://www.nike.com/kr/t/조던-브루클린-플리스-여성-쇼츠-vIQPNK5m/HJ1366-010,여성 쇼츠,조던 브루클린 플리스,쇼츠,쇼츠,"65,000 원",W,0,1,0,0,0
https://www.nike.com/kr/t/드라이-핏-템포-레이스-여성-러닝-쇼츠-6hmRMZcz/DD5936-100,여성 러닝 쇼츠,나이키 드라이 핏 템포 레이스,쇼츠,쇼츠,"49,000 원",W,0,1,0,0,0
https://www.nike.com/kr/t/스포츠웨어-칠-테리-여성-미드라이즈-4인치-프렌치-테리-쇼츠-LXY8MLSE/HF6941-051,여성 미드라이즈 4인치 프렌치 테리 쇼츠,나이키 스포츠웨어 칠 테리,쇼츠,쇼츠,"69,000 원",W,1,1,1,1,1
https://www.nike.com/kr/t/스윔-여성-보드-쇼츠-caSe9zmA/DM3745-410,여성 보드 쇼츠,나이키 스윔,쇼츠,쇼츠,"79,000 원",W,1,1,1,0,0
https://www.nike.com/kr/t/스포츠웨어-에브리씽-우븐-여성-미드라이즈-5인치-쇼츠-M0s56z8O/FV6623-370,여성 미드라이즈 5인치 쇼츠,나이키 스포츠웨어 에브리씽 우븐,쇼츠,쇼츠,"65,000 원",W,0,1,0,0,0
https://www.nike.com/kr/t/스포츠웨어-클럽-플리스-여성-미드라이즈-쇼츠-7CzCfuIq/DQ5803-010,여성 미드라이즈 쇼츠,나이키 스포츠웨어 클럽 플리스,쇼츠,쇼츠,"65,000 원",W,1,0,0,1,1
https://www.nike.com/kr/t/젠비-여성-젠틀-서포트-하이웨이스트-8인치-바이커-쇼츠-ZugLh5Wl/DQ6004-010,여성 젠틀 서포트 하이웨이스트 8인치 바이커 쇼츠,나이키 젠비,쇼츠,쇼츠,"69,000 원",W,1,1,1,1,1
https://www.nike.com/kr/t/조던-스포츠-남성-드라이-핏-다이아몬드-쇼츠-C8IVnjXT/FV8612-100,남성 드라이 핏 다이아몬드 쇼츠,조던 스포츠,쇼츠,쇼츠,"65,000 원",W,0,0,0,0,1
https://www.nike.com/kr/t/조던-스포츠-여성-하이웨이스트-7인치-바이크-쇼츠-VQA4IOmg/FN7326-223,여성 하이웨이스트 7인치 바이크 쇼츠,조던 스포츠,쇼츠,쇼츠,"55,000 원",W,0,1,0,0,0
https://www.nike.com/kr/t/스포츠웨어-클럽-플리스-여성-미드라이즈-쇼츠-7CzCfuIq/DQ5803-300,여성 미드라이즈 쇼츠,나이키 스포츠웨어 클럽 플리스,쇼츠,쇼츠,"65,000 원",W,1,1,1,1,1
https://www.nike.com/kr/t/스포츠웨어-에센셜-여성-하이라이즈-우븐-쇼츠-g7ibeQjS/DM6740-100,여성 하이라이즈 우븐 쇼츠,나이키 스포츠웨어 에센셜,쇼츠,쇼츠,"59,000 원",W,1,1,0,0,0
https://www.nike.com/kr/t/원-여성-하이웨이스트-8인치-바이커-쇼츠-PFYXcwpP/FN3207-320,여성 하이웨이스트 8인치 바이커 쇼츠,나이키 원,쇼츠,쇼츠,"59,000 원",W,1,1,1,1,0
https://www.nike.com/kr/t/스포츠웨어-클래식-여성-하이웨이스트-8인치-바이커-쇼츠-FjXNOYPJ/DV7798-010,여성 하이웨이스트 8인치 바이커 쇼츠,나이키 스포츠웨어 클래식,쇼츠,쇼츠,"45,000 원",W,1,1,1,0,0
https://www.nike.com/kr/t/조던-플라이트-여성-플리스-다이아몬드-쇼츠-CHHrmJXg/FV7057-133,여성 플리스 다이아몬드 쇼츠,조던 플라이트,쇼츠,쇼츠,"85,000 원",W,0,1,0,0,0
https://www.nike.com/kr/t/조던-스포츠-남성-드라이-핏-다이아몬드-쇼츠-C8IVnjXT/FV8612-010,남성 드라이 핏 다이아몬드 쇼츠,조던 스포츠,쇼츠,쇼츠,"65,000 원",W,0,0,0,0,1
https://www.nike.com/kr/t/조던-스포츠-남성-드라이-핏-adv-다이아몬드-쇼츠-bQ369BBU/FN5867-022,남성 드라이 핏 ADV 다이아몬드 쇼츠,조던 스포츠,쇼츠,쇼츠,"89,000 원",W,0,0,0,0,1
https://www.nike.com/kr/t/조던-브루클린-플리스-여성-쇼츠-vIQPNK5m/HJ1366-368,여성 쇼츠,조던 브루클린 플리스,쇼츠,쇼츠,"65,000 원",W,1,0,0,0,0
https://www.nike.com/kr/t/에어-조던-워드마크-남성-플리스-쇼츠-kcQnWzu4/FZ8939-045,남성 플리스 쇼츠,에어 조던 워드마크,쇼츠,쇼츠,"99,000 원",W,0,0,0,0,1
https://www.nike.com/kr/t/조던-드라이-핏-스포츠-다이아몬드-쇼츠-aE1CQc8L/DX1487-687,조던 드라이 핏 스포츠,조던 드라이 핏 스포츠,쇼츠,쇼츠,"59,000 원",W,0,0,0,0,1
https://www.nike.com/kr/t/조던-스포츠-여성-5인치-쇼츠-r5Ahscaa/FB4624-368,여성 5인치 쇼츠,조던 스포츠,쇼츠,쇼츠,"49,000 원",W,0,1,1,1,0
https://www.nike.com/kr/t/조던-스포츠-남성-드라이-핏-우븐-다이아몬드-쇼츠-ZwHMVmzJ/FQ2989-010,남성 드라이 핏 우븐 다이아몬드 쇼츠,조던 스포츠,쇼츠,쇼츠,"65,000 원",W,0,0,0,0,1
https://www.nike.com/kr/t/조던-플라이트-여성-플리스-다이아몬드-쇼츠-CHHrmJXg/FV7057-010,여성 플리스 다이아몬드 쇼츠,조던 플라이트,쇼츠,쇼츠,"85,000 원",W,0,1,1,0,0
https://www.nike.com/kr/t/드라이-핏-원-여성-미드라이즈-3인치-투인원-쇼츠-BsQDjS4E/DX6013-010,여성 미드라이즈 3인치 투인원 쇼츠,나이키 드라이 핏 원,쇼츠,쇼츠,"59,000 원",W,0,1,0,0,0
https://www.nike.com/kr/t/조던-브루클린-플리스-여성-그래픽-쇼츠-R5rmbvyM/FN5784-394,여성 그래픽 쇼츠,조던 브루클린 플리스,쇼츠,쇼츠,"69,000 원",W,0,1,0,0,0
https://www.nike.com/kr/t/드라이-핏-원-여성-미드라이즈-3인치-브리프-라인드-쇼츠-VnECpjjq/DX6011-010,여성 미드라이즈 3인치 브리프 라인드 쇼츠,나이키 드라이 핏 원,쇼츠,쇼츠,"49,000 원",W,0,1,1,1,0
https://www.nike.com/kr/t/스포츠웨어-클럽-플리스-여성-미드라이즈-쇼츠-7CzCfuIq/DQ5803-051,여성 미드라이즈 쇼츠,나이키 스포츠웨어 클럽 플리스,쇼츠,쇼츠,"65,000 원",W,0,1,0,1,1
https://www.nike.com/kr/t/스포츠웨어-클럽-플리스-여성-오버사이즈-미드라이즈-스웻팬츠-JxSiC0FU/HV6501-141,여성 오버사이즈 미드라이즈 스웻팬츠,나이키 스포츠웨어 클럽 플리스,팬츠 & 타이츠,조거 & 스웻팬츠,"85,000 원",W,0,1,1,1,1
https://www.nike.com/kr/t/스포츠웨어-피닉스-플리스-여성-하이웨이스트-와이드-레그-스웻팬츠-y0TNETOV/DQ5616-010,여성 하이웨이스트 와이드 레그 스웻팬츠,나이키 스포츠웨어 피닉스 플리스,팬츠 & 타이츠,조거 & 스웻팬츠,"95,000 원",W,1,1,1,1,1
https://www.nike.com/kr/t/스포츠웨어-피닉스-플러시-여성-하이웨이스트-와이드레그-코지-플리스-팬츠-pbaEMYX2/FN3623-010,여성 하이웨이스트 와이드레그 코지 플리스 팬츠,나이키 스포츠웨어 피닉스 플러시,팬츠 & 타이츠,조거 & 스웻팬츠,"99,000 원",W,0,1,1,1,1
https://www.nike.com/kr/t/써마-핏-원-여성-루즈-플리스-팬츠-1wsFu9q0/FB5579-218,여성 루즈 플리스 팬츠,나이키 써마 핏 원,팬츠 & 타이츠,조거 & 스웻팬츠,"95,000 원",W,0,1,1,1,0
https://www.nike.com/kr/t/스포츠웨어-에센셜-여성-미드라이즈-오버사이즈-우븐-조거-zXyj9BWF/FV7669-004,여성 미드라이즈 오버사이즈 우븐 조거,나이키 스포츠웨어 에센셜,팬츠 & 타이츠,조거 & 스웻팬츠,"99,000 원",W,1,1,1,1,1
https://www.nike.com/kr/t/조던-플라이트-플리스-여성-오픈-헴-팬츠-Ngk0Zkfw/FV7156-601,여성 오픈 헴 팬츠,조던 플라이트 플리스,팬츠 & 타이츠,조거 & 스웻팬츠,"115,000 원",W,1,1,1,1,1
https://www.nike.com/kr/t/스포츠웨어-컬렉션-여성-미드라이즈-벨루어-조거-LfZ1Nr5A/FZ3683-370,여성 미드라이즈 벨루어 조거,나이키 스포츠웨어 컬렉션,팬츠 & 타이츠,조거 & 스웻팬츠,"95,000 원",W,1,1,1,1,1
https://www.nike.com/kr/t/acg-캔웰-글레이셔-써마-핏-adv-윈드프루프-팬츠-K4qafSd1/FV8828-247,써마 핏 ADV 윈드프루프 팬츠,나이키 ACG '캔웰 글레이셔',팬츠 & 타이츠,조거 & 스웻팬츠,"185,000 원",W,0,1,1,1,1
https://www.nike.com/kr/t/스포츠웨어-피닉스-플리스-여성-하이웨이스트-오버사이즈-스웻팬츠-3au5lKwF/FZ5997-010,여성 하이웨이스트 오버사이즈 스웻팬츠,나이키 스포츠웨어 피닉스 플리스,팬츠 & 타이츠,조거 & 스웻팬츠,"89,000 원",W,1,1,1,1,1
https://www.nike.com/kr/t/스포츠웨어-클럽-플리스-여성-미드라이즈-오버사이즈-스웻팬츠-Eokdh6GU/DQ5801-010,여성 미드라이즈 오버사이즈 스웻팬츠,나이키 스포츠웨어 클럽 플리스,팬츠 & 타이츠,조거 & 스웻팬츠,"79,000 원",W,1,1,1,1,1
https://www.nike.com/kr/t/스포츠웨어-테크-플리스-여성-하이웨이스트-플리츠-팬츠-mhJC21DS/FV8053-338,여성 하이웨이스트 플리츠 팬츠,나이키 스포츠웨어 테크 플리스,팬츠 & 타이츠,조거 & 스웻팬츠,"165,000 원",W,1,1,1,1,1
https://www.nike.com/kr/t/스포츠웨어-피닉스-코지-부클레-여성-하이웨이스트-오버사이즈-니트-팬츠-q1zPmjTU/FZ1704-010,여성 하이웨이스트 오버사이즈 니트 팬츠,나이키 스포츠웨어 피닉스 코지 부클레,팬츠 & 타이츠,조거 & 스웻팬츠,"139,000 원",W,0,1,1,1,1
https://www.nike.com/kr/t/스포츠웨어-테크-플리스-여성-미드라이즈-조거-SE0MGKcX/FB8331-218,여성 미드라이즈 조거,나이키 스포츠웨어 테크 플리스,팬츠 & 타이츠,조거 & 스웻팬츠,"149,000 원",W,0,0,1,0,1
https://www.nike.com/kr/t/스포츠웨어-여성-로우라이즈-오버사이즈-프렌치-오픈-헴-테리-팬츠-pKH59lBF/FV7513-133,여성 로우라이즈 오버사이즈 프렌치 오픈 헴 테리 팬츠,나이키 스포츠웨어,팬츠 & 타이츠,조거 & 스웻팬츠,"109,000 원",W,1,1,1,1,1
https://www.nike.com/kr/t/스포츠웨어-에브리씽-우븐-여성-미드라이즈-오픈-헴-팬츠-sRz3HMo2/FQ3589-338,여성 미드라이즈 오픈 헴 팬츠,나이키 스포츠웨어 에브리씽 우븐,팬츠 & 타이츠,조거 & 스웻팬츠,"99,000 원",W,1,1,1,1,1
https://www.nike.com/kr/t/젠비-여성-드라이-핏-하이웨이스트-조거-rKbb6qrg/FV7925-523,여성 드라이 핏 하이웨이스트 조거,나이키 젠비,팬츠 & 타이츠,조거 & 스웻팬츠,"119,000 원",W,0,1,1,1,1
https://www.nike.com/kr/t/스포츠웨어-클럽-플리스-여성-미드라이즈-와이드-레그-스웻팬츠-dHqW3CSs/FB2728-370,여성 미드라이즈 와이드 레그 스웻팬츠,나이키 스포츠웨어 클럽 플리스,팬츠 & 타이츠,조거 & 스웻팬츠,"85,000 원",W,1,1,1,1,1
https://www.nike.com/kr/t/조던-브루클린-플리스-여성-팬츠-uD1CIHI7/FV7078-522,여성 팬츠,조던 브루클린 플리스,팬츠 & 타이츠,조거 & 스웻팬츠,"85,000 원",W,0,1,1,1,0
https://www.nike.com/kr/t/스포츠웨어-여성-우븐-팬츠-LDt7Dhbk/HQ3751-010,여성 우븐 팬츠,나이키 스포츠웨어,팬츠 & 타이츠,조거 & 스웻팬츠,"109,000 원",W,0,1,1,1,1
https://www.nike.com/kr/t/조던-플라이트-플리스-여성-팬츠-5Ug1RmT7/FV7060-223,여성 팬츠,조던 플라이트 플리스,팬츠 & 타이츠,조거 & 스웻팬츠,"105,000 원",W,1,1,1,1,1
https://www.nike.com/kr/t/sb-엘라스틱-코듀로이-스케이트보딩-팬츠-t4fwEQhW/FV7396-281,엘라스틱 코듀로이 스케이트보딩 팬츠,나이키 SB,팬츠 & 타이츠,조거 & 스웻팬츠,"119,000 원",W,0,0,1,1,1
https://www.nike.com/kr/t/드라이-핏-여성-미드라이즈-7-8-니트-스웨츠-cqSFau5O/FJ9308-010,여성 미드라이즈 7/8 니트 스웨츠,나이키 드라이 핏,팬츠 & 타이츠,조거 & 스웻팬츠,"99,000 원",W,0,1,1,1,0
https://www.nike.com/kr/t/스포츠웨어-클래식-우븐-여성-uv-미드라이즈-루즈-조거-dKgbOX8S/FV7661-104,여성 UV 미드라이즈 루즈 조거,나이키 스포츠웨어 클래식 우븐,팬츠 & 타이츠,조거 & 스웻팬츠,"75,000 원",W,1,1,1,1,1
https://www.nike.com/kr/t/스포츠웨어-에어-여성-플리스-오버사이즈-하이라이즈-조거-gt5Y4TO4/FB8052-838,여성 플리스 오버사이즈 하이라이즈 조거,나이키 스포츠웨어 에어,팬츠 & 타이츠,조거 & 스웻팬츠,"99,000 원",W,1,1,1,1,1
https://www.nike.com/kr/t/드라이-핏-원-여성-하이웨이스트-7-8-프렌치-테리-그래픽-팬츠-bCh85okX/FB5576-010,여성 하이웨이스트 7/8 프렌치 테리 그래픽 팬츠,나이키 드라이 핏 원,팬츠 & 타이츠,조거 & 스웻팬츠,"89,000 원",W,0,0,0,0,0
https://www.nike.com/kr/t/스포츠웨어-플러시-여성-팬츠-VKZ6wzqP/DV4362-133,여성 팬츠,나이키 스포츠웨어 플러시,팬츠 & 타이츠,조거 & 스웻팬츠,"109,000 원",W,0,1,1,1,1
https://www.nike.com/kr/t/스포츠웨어-피닉스-플리스-여성-하이웨이스트-와이드-레그-프렌치-테리-스웻팬츠-7hOz5NBz/FZ7208-133,여성 하이웨이스트 와이드 레그 프렌치 테리 스웻팬츠,나이키 스포츠웨어 피닉스 플리스,팬츠 & 타이츠,조거 & 스웻팬츠,"95,000 원",W,0,0,1,1,0
https://www.nike.com/kr/t/스포츠웨어-피닉스-플리스-여성-오버사이즈-로고-스웻팬츠-vRwdWsxz/FN2553-104,여성 오버사이즈 로고 스웻팬츠,나이키 스포츠웨어 피닉스 플리스,팬츠 & 타이츠,조거 & 스웻팬츠,"95,000 원",W,0,0,0,1,1
https://www.nike.com/kr/t/드라이-핏-블리스-여성-미드라이즈-7-8-스웨츠-VQdVTgjr/DV9454-010,여성 미드라이즈 7/8 스웨츠,나이키 드라이 핏 블리스,팬츠 & 타이츠,조거 & 스웻팬츠,"109,000 원",W,0,1,1,0,0
https://www.nike.com/kr/t/스포츠웨어-칠-테리-여성-슬림-하이웨이스트-프렌치-테리-스웻팬츠-37DAozyz/FN2435-019,여성 슬림 하이웨이스트 프렌치 테리 스웻팬츠,나이키 스포츠웨어 칠 테리,팬츠 & 타이츠,조거 & 스웻팬츠,"85,000 원",W,0,1,1,0,0
https://www.nike.com/kr/t/조던-브루클린-플리스-여성-팬츠-FYSn7Wg1/FN5441-010,여성 팬츠,조던 브루클린 플리스,팬츠 & 타이츠,조거 & 스웻팬츠,"89,000 원",W,0,0,1,0,0
https://www.nike.com/kr/t/스포츠웨어-여성-벨루어-와이드-레그-팬츠-JYfgh5NT/DQ5922-104,여성 벨루어 와이드 레그 팬츠,나이키 스포츠웨어,팬츠 & 타이츠,조거 & 스웻팬츠,"109,000 원",W,0,1,0,0,1
https://www.nike.com/kr/t/드라이-핏-원-여성-하이웨이스트-7-8-프렌치-테리-조거-9cOrl44U/FB5435-010,여성 하이웨이스트 7/8 프렌치 테리 조거,나이키 드라이 핏 원,팬츠 & 타이츠,조거 & 스웻팬츠,"85,000 원",W,0,1,1,1,1
https://www.nike.com/kr/t/스포츠웨어-브레이킹-여성-미드라이즈-오버사이즈-프렌치-테리-팬츠-SmKbXleN/FZ0255-224,여성 미드라이즈 오버사이즈 프렌치 테리 팬츠,나이키 스포츠웨어 브레이킹,팬츠 & 타이츠,조거 & 스웻팬츠,"109,000 원",W,1,1,1,1,0
https://www.nike.com/kr/t/스포츠웨어-피닉스-플리스-여성-아티스트-컬렉션-하이웨이스트-와이드-레그-스웻팬츠-GYbc7yfZ/HF4693-133,하이웨이스트 와이드 레그 스웻팬츠,나이키 스포츠웨어 피닉스 플리스 여성 아티스트 컬렉션,팬츠 & 타이츠,조거 & 스웻팬츠,"105,000 원",W,0,1,1,1,1
https://www.nike.com/kr/t/스포츠웨어-피닉스-플리스-여성-하이웨이스트-오버사이즈-프렌치-테리-스웻팬츠-apHiSjvX/HJ8466-010,여성 하이웨이스트 오버사이즈 프렌치 테리 스웻팬츠,나이키 스포츠웨어 피닉스 플리스,팬츠 & 타이츠,조거 & 스웻팬츠,"95,000 원",W,0,1,1,1,0
https://www.nike.com/kr/t/조던-플라이트-플리스-여성-팬츠-AeZhA5fX/FD7225-010,여성 팬츠,조던 플라이트 플리스,팬츠 & 타이츠,조거 & 스웻팬츠,"109,000 원",W,1,1,1,1,0
https://www.nike.com/kr/t/써마-핏-원-여성-하이웨이스트-7-8-조거-StoJXGMX/FB5432-010,여성 하이웨이스트 7/8 조거,나이키 써마 핏 원,팬츠 & 타이츠,조거 & 스웻팬츠,"85,000 원",W,0,1,1,1,1
https://www.nike.com/kr/t/조던-플라이트-플리스-여성-팬츠-GyLY6J2M/FV7069-010,여성 팬츠,조던 플라이트 플리스,팬츠 & 타이츠,조거 & 스웻팬츠,"115,000 원",W,1,1,1,1,1
https://www.nike.com/kr/t/스포츠웨어-클럽-플리스-여성-미드라이즈-오버사이즈-카고-스웻팬츠-NsVxUT1t/DQ5197-010,여성 미드라이즈 오버사이즈 카고 스웻팬츠,나이키 스포츠웨어 클럽 플리스,팬츠 & 타이츠,조거 & 스웻팬츠,"85,000 원",W,1,1,1,1,1
https://www.nike.com/kr/t/조던-mvp-남성-플리스-팬츠-nU04xgNr/FV7229-010,남성 플리스 팬츠,조던 MVP,팬츠 & 타이츠,조거 & 스웻팬츠,"95,000 원",W,0,1,1,1,1
https://www.nike.com/kr/t/스포츠웨어-피닉스-플리스-여성-하이웨이스트-와이드-레그-로고-팬츠-Se1bdppR/FV7685-104,여성 하이웨이스트 와이드 레그 로고 팬츠,나이키 스포츠웨어 피닉스 플리스,팬츠 & 타이츠,조거 & 스웻팬츠,"109,000 원",W,0,1,1,1,1
https://www.nike.com/kr/t/스포츠웨어-에센셜-여성-하이웨이스트-로고-레깅스-iYjL70SP/CZ8529-010,여성 하이웨이스트 로고 레깅스,나이키 스포츠웨어 에센셜,팬츠 & 타이츠,타이츠 & 레깅스,"49,000 원",W,1,1,1,1,1
https://www.nike.com/kr/t/트레일-고-여성-펌-서포트-하이웨이스트-7-8-포켓-레깅스-0xIEYb6K/FN2665-226,여성 펌 서포트 하이웨이스트 7/8 포켓 레깅스,나이키 트레일 고,팬츠 & 타이츠,타이츠 & 레깅스,"149,000 원",W,1,1,1,1,1
https://www.nike.com/kr/t/원-여성-하이웨이스트-7-8-레깅스-8jlev3eP/FN3233-010,여성 하이웨이스트 7/8 레깅스,나이키 원,팬츠 & 타이츠,타이츠 & 레깅스,"55,000 원",W,1,1,0,1,0
https://www.nike.com/kr/t/프로-365-여성-8인치-쇼츠-WgfOQ4yP/CZ9841-010,여성 8인치 쇼츠,나이키 프로 365,팬츠 & 타이츠,타이츠 & 레깅스,"49,000 원",W,0,1,1,1,1
https://www.nike.com/kr/t/프로-스컬프트-여성-하이웨이스트-3인치-바이커-쇼츠-LG0rhaf5/FV7936-010,여성 하이웨이스트 3인치 바이커 쇼츠,나이키 프로 스컬프트,팬츠 & 타이츠,타이츠 & 레깅스,"65,000 원",W,1,1,1,1,1
https://www.nike.com/kr/t/원-여성-하이웨이스트-7-8-레깅스-rQwLWozu/FV9621-010,여성 하이웨이스트 7/8 레깅스,나이키 원,팬츠 & 타이츠,타이츠 & 레깅스,"65,000 원",W,1,1,1,1,1
https://www.nike.com/kr/t/스포츠웨어-칠-니트-여성-타이트-미니-립-플레어-레깅스-eAv5wMRr/FQ2114-338,여성 타이트 미니 립 플레어 레깅스,나이키 스포츠웨어 칠 니트,팬츠 & 타이츠,타이츠 & 레깅스,"75,000 원",W,1,1,1,1,1
https://www.nike.com/kr/t/젠비-여성-하이웨이스트-플레어-레깅스-S8F2n8PG/FV7922-338,여성 하이웨이스트 플레어 레깅스,나이키 젠비,팬츠 & 타이츠,타이츠 & 레깅스,"119,000 원",W,0,1,1,1,1
https://www.nike.com/kr/t/젠비-여성-드라이-핏-하이웨이스트-조거-rKbb6qrg/FV7925-523,여성 드라이 핏 하이웨이스트 조거,나이키 젠비,팬츠 & 타이츠,타이츠 & 레깅스,"119,000 원",W,0,1,1,1,1
https://www.nike.com/kr/t/원-심리스-프론트-여성-하이웨이스트-풀-렝스-레깅스-M9pJXgej/HJ9196-478,여성 하이웨이스트 풀 렝스 레깅스,나이키 원 심리스 프론트,팬츠 & 타이츠,타이츠 & 레깅스,"55,000 원",W,1,1,1,1,1
https://www.nike.com/kr/t/프로-스컬프트-여성-하이웨이스트-7-8-레깅스-xk3BaQoU/FV7949-518,여성 하이웨이스트 7/8 레깅스,나이키 프로 스컬프트,팬츠 & 타이츠,타이츠 & 레깅스,"75,000 원",W,1,1,1,1,1
https://www.nike.com/kr/t/젠비-여성-젠틀-서포트-하이웨이스트-7-8-레깅스-Iir4Bj71/DQ6016-338,여성 젠틀 서포트 하이웨이스트 7/8 레깅스,나이키 젠비,팬츠 & 타이츠,타이츠 & 레깅스,"99,000 원",W,1,1,1,1,1
https://www.nike.com/kr/t/고-여성-펌-서포트-하이웨이스트-7-8-레깅스-및-포켓-9AlORCFn/DQ5640-338,여성 펌 서포트 하이웨이스트 7/8 포켓 레깅스,나이키 고,팬츠 & 타이츠,타이츠 & 레깅스,"119,000 원",W,1,1,1,1,1
https://www.nike.com/kr/t/유니버사-여성-미디엄-서포트-하이웨이스트-포켓-레깅스-Mcgth5GL/DQ5997-338,여성 미디엄 서포트 하이웨이스트 포켓 레깅스,나이키 유니버사,팬츠 & 타이츠,타이츠 & 레깅스,"109,000 원",W,0,1,1,1,1
https://www.nike.com/kr/t/패스트-스우시-여성-미드라이즈-7-8-포켓-러닝-레깅스-f7mzRvwT/FV6683-010,여성 미드라이즈 7/8 포켓 러닝 레깅스,나이키 패스트 스우시,팬츠 & 타이츠,타이츠 & 레깅스,"75,000 원",W,0,1,1,0,0
https://www.nike.com/kr/t/젠비-여성-젠틀-서포트-하이웨이스트-풀-렝스-레깅스-qRWZ9dfE/DQ6014-226,여성 젠틀 서포트 하이웨이스트 풀 렝스 레깅스,나이키 젠비,팬츠 & 타이츠,타이츠 & 레깅스,"99,000 원",W,0,0,1,0,1
https://www.nike.com/kr/t/써마-핏-원-여성-하이웨이스트-7-8-레깅스-d5T3WMs4/FB8613-010,여성 하이웨이스트 7/8 레깅스,나이키 써마 핏 원,팬츠 & 타이츠,타이츠 & 레깅스,"59,000 원",W,1,1,1,1,1
https://www.nike.com/kr/t/여성-아티스트-컬렉션-하이웨이스트-7-8-레깅스-3UTW3mOX/HF5594-629,하이웨이스트 7/8 레깅스,나이키 여성 아티스트 컬렉션,팬츠 & 타이츠,타이츠 & 레깅스,"85,000 원",W,0,1,1,1,1
https://www.nike.com/kr/t/원-랩-여성-하이웨이스트-7-8-레깅스-N95yFYRM/FV7858-010,여성 하이웨이스트 7/8 레깅스,나이키 원 랩,팬츠 & 타이츠,타이츠 & 레깅스,"65,000 원",W,0,1,1,1,0
https://www.nike.com/kr/t/조던-스포츠-여성-하이웨이스트-7인치-바이크-쇼츠-VQA4IOmg/FN7326-223,여성 하이웨이스트 7인치 바이크 쇼츠,조던 스포츠,팬츠 & 타이츠,타이츠 & 레깅스,"55,000 원",W,0,1,0,0,0
https://www.nike.com/kr/t/원-여성-하이웨이스트-8인치-바이커-쇼츠-PFYXcwpP/FN3207-320,여성 하이웨이스트 8인치 바이커 쇼츠,나이키 원,팬츠 & 타이츠,타이츠 & 레깅스,"59,000 원",W,1,1,1,1,0
https://www.nike.com/kr/t/유니버사-여성-미디엄-서포트-하이웨이스트-7-8-포켓-레깅스-o7hNfQUj/DQ5898-629,여성 미디엄 서포트 하이웨이스트 7/8 포켓 레깅스,나이키 유니버사,팬츠 & 타이츠,타이츠 & 레깅스,"109,000 원",W,0,1,1,1,0
https://www.nike.com/kr/t/프로-여성-미드라이즈-7-8-그래픽-레깅스-LfrO4uYZ/FV7398-010,여성 미드라이즈 7/8 그래픽 레깅스,나이키 프로,팬츠 & 타이츠,타이츠 & 레깅스,"65,000 원",W,0,1,1,0,0
https://www.nike.com/kr/t/프로-스컬프트-여성-하이웨이스트-풀-렝스-레깅스-3PPnqq0i/FV7383-010,여성 하이웨이스트 풀 렝스 레깅스,나이키 프로 스컬프트,팬츠 & 타이츠,타이츠 & 레깅스,"65,000 원",W,1,1,1,1,0
https://www.nike.com/kr/t/프로-365-여성-5인치-쇼츠-KrEzDs4M/CZ9832-010,여성 5인치 쇼츠,나이키 프로 365,팬츠 & 타이츠,타이츠 & 레깅스,"45,000 원",W,1,1,0,1,0
https://www.nike.com/kr/t/고-여성-펌-서포트-하이웨이스트-7-8-포켓-레깅스-9XdRWNjP/FZ0006-010,여성 펌 서포트 하이웨이스트 7/8 포켓 레깅스,나이키 고,팬츠 & 타이츠,타이츠 & 레깅스,"139,000 원",W,1,1,1,1,1
https://www.nike.com/kr/t/파워-여성-트레이닝-팬츠-hzIq4xgZ/DM1192-010,여성 트레이닝 팬츠,나이키 파워,팬츠 & 타이츠,타이츠 & 레깅스,"75,000 원",W,0,1,0,0,0
https://www.nike.com/kr/t/젠비-여성-젠틀-서포트-하이웨이스트-8인치-바이커-쇼츠-ZugLh5Wl/DQ6004-010,여성 젠틀 서포트 하이웨이스트 8인치 바이커 쇼츠,나이키 젠비,팬츠 & 타이츠,타이츠 & 레깅스,"69,000 원",W,1,1,1,1,1
https://www.nike.com/kr/t/원-여성-하이웨이스트-7-8-레깅스-kTZDxEO2/DV9021-010,여성 하이웨이스트 7/8 레깅스,나이키 원,팬츠 & 타이츠,타이츠 & 레깅스,"55,000 원",W,0,1,0,0,0
https://www.nike.com/kr/t/고-여성-펌-서포트-미드라이즈-포켓-레깅스-TLvYa6HM/DQ5673-010,여성 펌 서포트 미드라이즈 포켓 레깅스,나이키 고,팬츠 & 타이츠,타이츠 & 레깅스,"119,000 원",W,0,1,1,1,0
https://www.nike.com/kr/t/원-여성-하이웨이스트-7-8-포켓-레깅스-n6UkuvWj/FN3242-010,여성 하이웨이스트 7/8 포켓 레깅스,나이키 원,팬츠 & 타이츠,타이츠 & 레깅스,"59,000 원",W,0,1,1,1,0
https://www.nike.com/kr/t/스포츠웨어-클래식-여성-하이웨이스트-8인치-바이커-쇼츠-FjXNOYPJ/DV7798-010,여성 하이웨이스트 8인치 바이커 쇼츠,나이키 스포츠웨어 클래식,팬츠 & 타이츠,타이츠 & 레깅스,"45,000 원",W,1,1,1,0,0
https://www.nike.com/kr/t/조던-스포츠-여성-5인치-쇼츠-r5Ahscaa/FB4624-368,여성 5인치 쇼츠,조던 스포츠,팬츠 & 타이츠,타이츠 & 레깅스,"49,000 원",W,0,1,1,1,0
https://www.nike.com/kr/t/원-여성-하이웨이스트-크롭-레깅스-bvCvXk9J/FN3237-010,여성 하이웨이스트 크롭 레깅스,나이키 원,팬츠 & 타이츠,타이츠 & 레깅스,"55,000 원",W,1,1,1,1,0
https://www.nike.com/kr/t/스포츠웨어-여성-리버서블-인조-퍼-봄버-재킷-EK478hYy/FB8693-133,여성 리버서블 인조 퍼 봄버 재킷,나이키 스포츠웨어,재킷 & 베스트,봄버 재킷,"219,000 원",W,0,0,1,1,1
https://www.nike.com/kr/t/스포츠웨어-여성-오버사이즈-재킷-S0oVTzl5/FV7775-370,여성 오버사이즈 재킷,나이키 스포츠웨어,재킷 & 베스트,봄버 재킷,"155,000 원",W,1,1,1,1,1
https://www.nike.com/kr/t/조던-레니게이드-에센셜-남성-라이트웨이트-재킷-NLIJlOAG/FN4623-010,남성 라이트웨이트 재킷,조던 레니게이드 에센셜,재킷 & 베스트,봄버 재킷,"179,000 원",W,0,0,0,0,1
https://www.nike.com/kr/t/트레일-여성-리펠-uv-러닝-재킷-nOBfx64S/FN5926-370,여성 리펠 UV 러닝 재킷,나이키 트레일,재킷 & 베스트,봄버 재킷,"179,000 원",W,0,1,1,1,1
https://www.nike.com/kr/t/조던-레니게이드-여성-재킷-O2BDEBvH/FV7108-010,여성 재킷,조던 레니게이드,재킷 & 베스트,봄버 재킷,"279,000 원",W,0,1,1,1,1
https://www.nike.com/kr/t/스포츠웨어-여성-아티스트-컬렉션-봄버-재킷-NJotGsdV/HF4688-133,봄버 재킷,나이키 스포츠웨어 여성 아티스트 컬렉션,재킷 & 베스트,봄버 재킷,"189,000 원",W,0,1,1,1,1
https://www.nike.com/kr/t/조던-여성-다운-파카-IcWoOFyp/FV7144-203,여성 다운 파카,조던,재킷 & 베스트,파카 재킷,"435,000 원",W,0,1,1,1,1
https://www.nike.com/kr/t/대한민국-스트라이크-윈드러너-여성-스톰-핏-축구-다운-파카-blptODxr/FJ3901-418,여성 나이키 스톰 핏 축구 다운 파카,대한민국 스트라이크 윈드러너,재킷 & 베스트,파카 재킷,"359,000 원",W,0,0,1,1,1
https://www.nike.com/kr/t/acg-체나-볼텍스-스톰-핏-adv-gore-tex-스키-재킷-WEF5jjOb/FV8892-104,스톰 핏 ADV GORE-TEX 스키 재킷,나이키 ACG '체나 볼텍스',재킷 & 베스트,파카 재킷,"519,000 원",W,0,1,1,1,1
https://www.nike.com/kr/t/acg-루나-레이크-패딩-primaloft-남성-써마-핏-adv-루즈-후드-재킷-SyLhDyLk/FV8911-010,남성 써마 핏 ADV 루즈 후드 재킷,나이키 ACG '루나 레이크' 패딩 PrimaLoft®,재킷 & 베스트,푸퍼 재킷,"405,000 원",W,0,1,1,1,1
https://www.nike.com/kr/t/스포츠웨어-윈드푸퍼-여성-써마-핏-루즈-인조-퍼-재킷-yjknUECT/FV8006-104,여성 써마 핏 루즈 인조 퍼 재킷,나이키 스포츠웨어 윈드푸퍼,재킷 & 베스트,푸퍼 재킷,"345,000 원",W,0,1,1,1,1
https://www.nike.com/kr/t/스포츠웨어-윈드푸퍼-여성-스톰-핏-루즈-다운-재킷-aAufYKiV/HF7871-104,여성 스톰 핏 루즈 다운 재킷,나이키 스포츠웨어 윈드푸퍼,재킷 & 베스트,푸퍼 재킷,"345,000 원",W,0,0,1,1,1
https://www.nike.com/kr/t/스포츠웨어-여성-퀼팅-베스트-xMWNXvo8/HQ3007-276,여성 퀼팅 베스트,나이키 스포츠웨어,재킷 & 베스트,푸퍼 재킷,"139,000 원",W,0,1,1,1,1
https://www.nike.com/kr/t/acg-로프-드-도프-primaloft-남성-써마-핏-adv-재킷-m5zaYiFp/FV8691-010,남성 써마 핏 ADV 재킷,나이키 ACG '로프 드 도프' PrimaLoft®,재킷 & 베스트,푸퍼 재킷,"249,000 원",W,0,0,1,1,1
https://www.nike.com/kr/t/스포츠웨어-클래식-패딩-여성-써마-핏-루즈-베스트-P4rRtyKC/FZ5923-100,여성 써마 핏 루즈 베스트,나이키 스포츠웨어 클래식 패딩,재킷 & 베스트,푸퍼 재킷,"129,000 원",W,0,1,0,1,1
https://www.nike.com/kr/t/스포츠웨어-메트로-패딩-여성-써마-핏-루즈-다운-후드-재킷-m5jLl5Dd/FZ5929-104,여성 써마 핏 루즈 다운 후드 재킷,나이키 스포츠웨어 메트로 패딩,재킷 & 베스트,푸퍼 재킷,"259,000 원",W,0,0,1,1,1
https://www.nike.com/kr/t/스포츠웨어-메트로-패딩-여성-써마-핏-루즈-다운-후드-베스트-wqUON9bt/FZ5933-010,여성 써마 핏 루즈 다운 후드 베스트,나이키 스포츠웨어 메트로 패딩,재킷 & 베스트,푸퍼 재킷,"229,000 원",W,0,0,1,1,1
https://www.nike.com/kr/t/조던-여성-패딩-lpbfbc3V/FZ4528-010,여성 패딩,조던,재킷 & 베스트,푸퍼 재킷,"219,000 원",W,0,1,1,1,1
https://www.nike.com/kr/t/써마-핏-아카데미-프로-24-다운-재킷-남성-축구-재킷스톡-oDkgEwtf/FD7709-010,남성 축구 재킷(스톡),나이키 써마 핏 아카데미 프로 24 다운 재킷,재킷 & 베스트,푸퍼 재킷,"209,000 원",W,0,0,1,1,1
https://www.nike.com/kr/t/써마-핏-adv-리펠-에어로로프트-여성-러닝-베스트-En8Rd1un/FB7607-010,여성 러닝 베스트,나이키 써마 핏 ADV 리펠 에어로로프트,재킷 & 베스트,푸퍼 재킷,"209,000 원",W,1,1,1,1,1
https://www.nike.com/kr/t/써마-핏-스위프트-여성-러닝-베스트-1nXUsKGy/FB7538-010,여성 러닝 베스트,나이키 써마 핏 스위프트,재킷 & 베스트,푸퍼 재킷,"139,000 원",W,0,0,1,0,0
https://www.nike.com/kr/t/스포츠웨어-클래식-패딩-여성-써마-핏-루즈-후드-재킷-nTl4O24y/FZ5900-100,여성 써마 핏 루즈 후드 재킷,나이키 스포츠웨어 클래식 패딩,재킷 & 베스트,푸퍼 재킷,"169,000 원",W,0,0,1,1,1
https://www.nike.com/kr/t/러닝-디비전-여성-써마-핏-반사-러닝-재킷-xSZFNCSY/FV6421-011,여성 써마 핏 반사 러닝 재킷,나이키 러닝 디비전,재킷 & 베스트,푸퍼 재킷,"315,000 원",W,0,0,1,1,1
https://www.nike.com/kr/t/스톰-핏-윈드러너-남성-충전재-베스트-OLhMbPfU/FB8193-010,남성 충전재 베스트,나이키 스톰 핏 윈드러너,재킷 & 베스트,푸퍼 재킷,"209,000 원",W,0,0,1,1,1
https://www.nike.com/kr/t/트레일-여성-리펠-러닝-베스트-L2aBVN7g/FV6399-226,여성 리펠 러닝 베스트,나이키 트레일,재킷 & 베스트,베스트,"135,000 원",W,0,1,1,1,1
https://www.nike.com/kr/t/스포츠웨어-여성-퀼팅-베스트-xMWNXvo8/HQ3007-276,여성 퀼팅 베스트,나이키 스포츠웨어,재킷 & 베스트,베스트,"139,000 원",W,0,1,1,1,1
https://www.nike.com/kr/t/스포츠웨어-클래식-패딩-여성-써마-핏-루즈-베스트-P4rRtyKC/FZ5923-100,여성 써마 핏 루즈 베스트,나이키 스포츠웨어 클래식 패딩,재킷 & 베스트,베스트,"129,000 원",W,0,1,0,1,1
https://www.nike.com/kr/t/스포츠웨어-메트로-패딩-여성-써마-핏-루즈-다운-후드-베스트-wqUON9bt/FZ5933-010,여성 써마 핏 루즈 다운 후드 베스트,나이키 스포츠웨어 메트로 패딩,재킷 & 베스트,베스트,"229,000 원",W,0,0,1,1,1
https://www.nike.com/kr/t/acg-스컬-피크-primaloft-리버서블-베스트-AwIJk5Lr/FV8695-010,리버서블 베스트,나이키 ACG '스컬 피크' PrimaLoft®,재킷 & 베스트,베스트,"205,000 원",W,0,1,1,1,1
https://www.nike.com/kr/t/에어-조던-여성-니트-베스트-BadPVahQ/FV7114-133,여성 니트 베스트,에어 조던,재킷 & 베스트,베스트,"175,000 원",W,0,1,1,1,0
https://www.nike.com/kr/t/써마-핏-adv-리펠-에어로로프트-여성-러닝-베스트-En8Rd1un/FB7607-010,여성 러닝 베스트,나이키 써마 핏 ADV 리펠 에어로로프트,재킷 & 베스트,베스트,"209,000 원",W,1,1,1,1,1
https://www.nike.com/kr/t/써마-핏-스위프트-여성-러닝-베스트-1nXUsKGy/FB7538-010,여성 러닝 베스트,나이키 써마 핏 스위프트,재킷 & 베스트,베스트,"139,000 원",W,0,0,1,0,0
https://www.nike.com/kr/t/투어-리펠-여성-골프-베스트-yEEetwDW/DZ6021-072,여성 골프 베스트,나이키 투어 리펠,재킷 & 베스트,베스트,"119,000 원",W,0,0,0,1,0
https://www.nike.com/kr/t/acg-주니어-써마-핏-리버서블-베스트-u0lbWGOa/FZ5424-010,주니어 써마 핏 리버서블 베스트,나이키 ACG,재킷 & 베스트,베스트,"99,000 원",W,0,1,1,1,0
https://www.nike.com/kr/t/스톰-핏-윈드러너-남성-충전재-베스트-OLhMbPfU/FB8193-010,남성 충전재 베스트,나이키 스톰 핏 윈드러너,재킷 & 베스트,베스트,"209,000 원",W,0,0,1,1,1
https://www.nike.com/kr/t/패스트-리펠-여성-러닝-재킷-IrKnSdnX/FB7452-010,여성 러닝 재킷,나이키 패스트 리펠,재킷 & 베스트,레인 재킷,"125,000 원",W,0,1,1,1,1
https://www.nike.com/kr/t/스톰-핏-스위프트-여성-러닝-재킷-rZoah7nx/FB7493-010,여성 러닝 재킷,나이키 스톰 핏 스위프트,재킷 & 베스트,레인 재킷,"189,000 원",W,0,1,0,0,0
https://www.nike.com/kr/t/투어-리펠-여성-골프-재킷-dwYBlqX8/DZ6020-010,여성용 골프 재킷,나이키 투어 리펠,재킷 & 베스트,레인 재킷,"149,000 원",W,1,1,1,1,0
https://www.nike.com/kr/t/써마-핏-스위프트-여성-러닝-재킷-Fgl19BAf/FB7512-010,여성 러닝 재킷,나이키 써마 핏 스위프트,재킷 & 베스트,레인 재킷,"169,000 원",W,0,0,1,0,0
https://www.nike.com/kr/t/스포츠웨어-컬렉션-여성-오버사이즈-리펠-지퍼-재킷-PmgKkNPn/FV7536-014,여성 오버사이즈 리펠 지퍼 재킷,나이키 스포츠웨어 컬렉션,재킷 & 베스트,트랙 재킷,"155,000 원",W,0,1,0,0,0
https://www.nike.com/kr/t/스포츠웨어-피닉스-플리스-여성-오버사이즈-트랙-재킷-XawvZKUi/FZ3205-629,여성 오버사이즈 트랙 재킷,나이키 스포츠웨어 피닉스 플리스,재킷 & 베스트,트랙 재킷,"105,000 원",W,0,0,1,1,0
https://www.nike.com/kr/t/jacquemus-트랙-재킷-YRib5TP5/FV5698-642,트랙 재킷,나이키 x Jacquemus,재킷 & 베스트,트랙 재킷,"289,000 원",W,0,0,0,1,1
https://www.nike.com/kr/t/조던-스포츠-잼-남성-워밍업-재킷-DbXh6tHp/FN5848-011,남성 워밍업 재킷,조던 스포츠 잼,재킷 & 베스트,트랙 재킷,"145,000 원",W,0,1,1,1,1
https://www.nike.com/kr/t/나오미-오사카-여성-하이웨이스트-루즈-니트-팬츠-zZPVpKUX/FV7799-121,여성 하이웨이스트 루즈 니트 팬츠,나오미 오사카,트랙수트,트랙수트 하의,"109,000 원",W,1,1,1,1,1
https://www.nike.com/kr/t/윈드러너-여성-하이웨이스트-우븐-오픈-헴-팬츠-IVYTRlJO/FV7656-004,여성 하이웨이스트 우븐 오픈 헴 팬츠,나이키 윈드러너,트랙수트,트랙수트 하의,"109,000 원",W,1,1,1,1,1
https://www.nike.com/kr/t/에어-조던-남성-팬츠-kH7zqwsI/FZ2134-045,남성 팬츠,에어 조던,트랙수트,트랙수트 하의,"175,000 원",W,0,0,0,1,1
https://www.nike.com/kr/t/스포츠웨어-에센셜-여성-미드라이즈-팬츠-0XGvG7Op/DM6184-010,여성 미드라이즈 팬츠,나이키 스포츠웨어 에센셜,트랙수트,트랙수트 하의,"99,000 원",W,0,1,1,0,0
https://www.nike.com/kr/t/에어-여성-미드라이즈-브레이크어웨이-팬츠-LsNH1jIS/FN1906-010,여성 미드라이즈 브레이크어웨이 팬츠,나이키 에어,트랙수트,트랙수트 하의,"105,000 원",W,0,1,1,0,0
https://www.nike.com/kr/t/스포츠웨어-컬렉션-여성-미드라이즈-리펠-지퍼-팬츠-fsSGq53Z/FV7545-010,여성 미드라이즈 리펠 지퍼 팬츠,나이키 스포츠웨어 컬렉션,트랙수트,트랙수트 하의,"129,000 원",W,0,1,1,1,0
https://www.nike.com/kr/t/조던-스포츠-잼-남성-웜업-팬츠-VFfuWmR6/FN5850-010,남성 웜업 팬츠,조던 스포츠 잼,트랙수트,트랙수트 하의,"119,000 원",W,0,0,0,0,1
https://www.nike.com/kr/t/조던-여성-니트-트랙-팬츠-iqL7q9nV/FV7102-010,여성 니트 트랙 팬츠,조던,트랙수트,트랙수트 하의,"109,000 원",W,0,1,1,1,0
https://www.nike.com/kr/t/윈드러너-여성-우븐-하이웨이스트-오픈-헴-팬츠-SrhMo35O/HM9765-014,여성 우븐 하이웨이스트 오픈 헴 팬츠,나이키 윈드러너,트랙수트,트랙수트 하의,"119,000 원",W,1,1,1,1,1
https://www.nike.com/kr/t/조던-스포츠-잼-남성-웜업-팬츠-VFfuWmR6/FN5850-011,남성 웜업 팬츠,조던 스포츠 잼,트랙수트,트랙수트 셋업,"119,000 원",W,1,1,1,1,1
https://www.nike.com/kr/t/조던-스포츠-잼-남성-워밍업-재킷-DbXh6tHp/FN5848-011,남성 워밍업 재킷,조던 스포츠 잼,트랙수트,트랙수트 셋업,"145,000 원",W,0,1,1,1,1
https://www.nike.com/kr/t/스포츠웨어-컬렉션-여성-오버사이즈-리펠-지퍼-재킷-PmgKkNPn/FV7536-014,여성 오버사이즈 리펠 지퍼 재킷,나이키 스포츠웨어 컬렉션,트랙수트,트랙수트 상의,"155,000 원",W,0,1,0,0,0
https://www.nike.com/kr/t/스포츠웨어-피닉스-플리스-여성-오버사이즈-트랙-재킷-XawvZKUi/FZ3205-629,여성 오버사이즈 트랙 재킷,나이키 스포츠웨어 피닉스 플리스,트랙수트,트랙수트 상의,"105,000 원",W,0,0,1,1,0
https://www.nike.com/kr/t/jacquemus-트랙-재킷-YRib5TP5/FV5698-642,트랙 재킷,나이키 x Jacquemus,트랙수트,트랙수트 상의,"289,000 원",W,0,0,0,1,1
https://www.nike.com/kr/t/조던-스포츠-잼-남성-워밍업-재킷-DbXh6tHp/FN5848-011,남성 워밍업 재킷,조던 스포츠 잼,트랙수트,트랙수트 상의,"145,000 원",W,0,1,1,1,1
https://www.nike.com/kr/t/acg-로프-드-도프-여성-써마-핏-adv-스커트-z6SJtxGa/HM9500-010,여성 써마 핏 ADV 스커트,나이키 ACG '로프 드 도프',스커트 & 드레스,스커트 & 드레스,"189,000 원",W,0,0,1,1,1
https://www.nike.com/kr/t/스포츠웨어-에센셜-여성-미드라이즈-우븐-카고-미디-스커트-nfSc8hJl/FV7504-104,여성 미드라이즈 우븐 카고 미디 스커트,나이키 스포츠웨어 에센셜,스커트 & 드레스,스커트 & 드레스,"95,000 원",W,0,1,1,1,1
https://www.nike.com/kr/t/스포츠웨어-여성-미드라이즈-우븐-카고-미디-스커트-H6npNMp4/HQ2985-121,여성 미드라이즈 우븐 카고 미디 스커트,나이키 스포츠웨어,스커트 & 드레스,스커트 & 드레스,"99,000 원",W,1,1,1,1,1
https://www.nike.com/kr/t/스포츠웨어-여성-미드라이즈-우븐-카고-미디-스커트-H6npNMp4/HQ2985-276,여성 미드라이즈 우븐 카고 미디 스커트,나이키 스포츠웨어,스커트 & 드레스,스커트 & 드레스,"99,000 원",W,0,1,1,1,1
https://www.nike.com/kr/t/우먼-바이-윤-여성-스커트-zjmCIvAq/FZ0279-478,여성 스커트,나이키 우먼 바이 윤,스커트 & 드레스,스커트 & 드레스,"99,000 원",W,0,0,0,0,1
https://www.nike.com/kr/t/우먼-바이-윤-여성-스커트-zjmCIvAq/FZ0279-100,여성 스커트,나이키 우먼 바이 윤,스커트 & 드레스,스커트 & 드레스,"99,000 원",W,0,0,1,0,1
https://www.nike.com/kr/t/스포츠웨어-여성-드레스-3mrloQVa/HJ8149-474,여성 드레스,나이키 스포츠웨어,스커트 & 드레스,스커트 & 드레스,"75,000 원",W,0,1,1,1,1
https://www.nike.com/kr/t/코트-슬램-여성-드라이-핏-테니스-드레스-vGCScWcb/FQ2127-518,여성 드라이 핏 테니스 드레스,나이키코트 슬램,스커트 & 드레스,스커트 & 드레스,"145,000 원",W,0,0,0,1,1
https://www.nike.com/kr/t/스포츠웨어-여성-드레스-3mrloQVa/HJ8149-010,여성 드레스,나이키 스포츠웨어,스커트 & 드레스,스커트 & 드레스,"75,000 원",W,0,1,1,0,0
https://www.nike.com/kr/t/스포츠웨어-피닉스-플리스-여성-슬림-미니-스커트-YbP2u4Ey/FV6319-010,여성 슬림 미니 스커트,나이키 스포츠웨어 피닉스 플리스,스커트 & 드레스,스커트 & 드레스,"75,000 원",W,1,1,1,1,1
https://www.nike.com/kr/t/스포츠웨어-여성-드레스-3mrloQVa/HJ8149-104,여성 드레스,나이키 스포츠웨어,스커트 & 드레스,스커트 & 드레스,"75,000 원",W,0,1,1,1,1
https://www.nike.com/kr/t/스포츠웨어-피닉스-플리스-여성-슬림-미니-스커트-YbP2u4Ey/FV6319-104,여성 슬림 미니 스커트,나이키 스포츠웨어 피닉스 플리스,스커트 & 드레스,스커트 & 드레스,"75,000 원",W,0,0,1,0,0
https://www.nike.com/kr/t/jacquemus-여성-드레스-njZontfK/FV5683-100,여성 드레스,나이키 x Jacquemus,스커트 & 드레스,스커트 & 드레스,"195,000 원",W,1,1,1,0,0
https://www.nike.com/kr/t/jacquemus-여성-스커트-uxm4ZwxB/FV5675-642,여성 스커트,나이키 x Jacquemus,스커트 & 드레스,스커트 & 드레스,"239,000 원",W,0,1,0,0,0
https://www.nike.com/kr/t/스포츠웨어-에센셜-여성-반팔-티셔츠-드레스-t2V92W6l/DV7883-478,여성 반팔 티셔츠 드레스,나이키 스포츠웨어 에센셜,스커트 & 드레스,스커트 & 드레스,"59,000 원",W,0,1,1,0,0
https://www.nike.com/kr/t/스포츠웨어-칠-립-여성-슬림-미디-스커트-VblFfNAC/FQ1637-224,여성 슬림 미디 스커트,나이키 스포츠웨어 칠 립,스커트 & 드레스,스커트 & 드레스,"79,000 원",W,1,1,1,1,1
https://www.nike.com/kr/t/스포츠웨어-에센셜-여성-미드라이즈-우븐-카고-미디-스커트-nfSc8hJl/FV7504-010,여성 미드라이즈 우븐 카고 미디 스커트,나이키 스포츠웨어 에센셜,스커트 & 드레스,스커트 & 드레스,"95,000 원",W,0,1,1,1,0
https://www.nike.com/kr/t/m-여성-드라이-핏-슬림-핏-니트-드레스임산부-bJBfIIcG/FN2878-010,여성 드라이 핏 슬림 핏 니트 드레스(임산부),Nike (M),스커트 & 드레스,스커트 & 드레스,"89,000 원",W,0,1,1,1,0
https://www.nike.com/kr/t/스포츠웨어-칠-립-여성-슬림-미디-스커트-VblFfNAC/FQ1637-010,여성 슬림 미디 스커트,나이키 스포츠웨어 칠 립,스커트 & 드레스,스커트 & 드레스,"79,000 원",W,0,0,1,0,0
https://www.nike.com/kr/t/드라이-핏-어드밴티지-여성-테니스-드레스-ALChC3Dl/DX1428-100,여성 테니스 드레스,나이키 드라이 핏 어드벤티지,스커트 & 드레스,스커트 & 드레스,"105,000 원",W,0,0,0,1,1
https://www.nike.com/kr/t/코트-드라이-핏-빅토리-여성-플로운시-테니스-스커트-QxsNEAl4/DH9553-100,여성 플로운시 테니스 스커트,나이키코트 드라이 핏 빅토리,스커트 & 드레스,스커트 & 드레스,"69,000 원",W,0,1,1,1,1
https://www.nike.com/kr/t/스포츠웨어-에센셜-여성-반팔-티셔츠-드레스-t2V92W6l/DV7883-010,여성 반팔 티셔츠 드레스,나이키 스포츠웨어 에센셜,스커트 & 드레스,스커트 & 드레스,"59,000 원",W,1,1,1,1,1
https://www.nike.com/kr/t/드라이-핏-어드벤티지-여성-롱-골프-스커트-qXZYCkra/DX1426-010,여성 롱 골프 스커트,나이키 드라이 핏 어드벤티지,스커트 & 드레스,스커트 & 드레스,"119,000 원",W,0,1,0,0,0
https://www.nike.com/kr/t/원-여성-드라이-핏-드레스-ZpwzNzMz/FQ7866-010,여성 드라이 핏 드레스,나이키 원,스커트 & 드레스,스커트 & 드레스,"95,000 원",W,0,0,0,1,0
https://www.nike.com/kr/t/조던-여성-슬림-니트-드레스-9uMfo5Uq/FN5695-304,여성 슬림 니트 드레스,조던,스커트 & 드레스,스커트 & 드레스,"75,000 원",W,0,1,1,1,1
https://www.nike.com/kr/t/코트-드라이-핏-빅토리-여성-플로운시-테니스-스커트-QxsNEAl4/DH9553-010,여성 플로운시 테니스 스커트,나이키코트 드라이 핏 빅토리,스커트 & 드레스,스커트 & 드레스,"69,000 원",W,0,1,1,1,1
https://www.nike.com/kr/t/어드밴티지-여성-드라이-핏-테니스-스커트-rPp9PdaD/FD6533-100,여성 드라이 핏 테니스 스커트,나이키 어드밴티지,스커트 & 드레스,스커트 & 드레스,"95,000 원",W,0,0,0,0,1
