page_url,제품 소개,제품명,cate1,cate2,가격,성별,XS이하,S,M,L,XL이상
https://www.nike.com/kr/t/조던-남성-크루넥-티셔츠-VLdIyvtF/HQ2666-045,남성 크루넥 티셔츠,조던,탑 & 티셔츠,그래픽 티셔츠,"69,000 원",M,0,1,1,1,1
https://www.nike.com/kr/t/테이텀-남성-티셔츠-wduHw5h9/HF7849-844,남성 티셔츠,테이텀,탑 & 티셔츠,그래픽 티셔츠,"75,000 원",M,0,1,1,1,1
https://www.nike.com/kr/t/조던-mvp-남성-긴팔-티셔츠-zD2yLFs4/FZ1971-010,남성 긴팔 티셔츠,조던 MVP,탑 & 티셔츠,그래픽 티셔츠,"65,000 원",M,0,0,0,0,1
https://www.nike.com/kr/t/스포츠웨어-남성-오버사이즈-긴팔-티셔츠-9xto4rsE/HQ2964-010,남성 오버사이즈 긴팔 티셔츠,나이키 스포츠웨어,탑 & 티셔츠,그래픽 티셔츠,"75,000 원",M,0,1,1,1,1
https://www.nike.com/kr/t/스포츠웨어-프리미엄-에센셜-남성용-오버사이즈-티셔츠-2YYJ8mES/HF9607-010,남성용 오버사이즈 티셔츠,나이키 스포츠웨어 프리미엄 에센셜,탑 & 티셔츠,그래픽 티셔츠,"65,000 원",M,0,0,0,1,1
https://www.nike.com/kr/t/티셔츠-a4kPACql/HV9489-010,티셔츠,나이키,탑 & 티셔츠,그래픽 티셔츠,"45,000 원",M,1,1,1,1,1
https://www.nike.com/kr/t/남성-드라이-핏-러닝-티셔츠-BHB1V9FE/FZ8064-010,남성 드라이 핏 러닝 티셔츠,나이키,탑 & 티셔츠,그래픽 티셔츠,"49,000 원",M,0,0,0,1,0
https://www.nike.com/kr/t/조던-남성-그래픽-티셔츠-wx2Pufd0/HQ2114-110,남성 그래픽 티셔츠,조던,탑 & 티셔츠,그래픽 티셔츠,"65,000 원",M,0,0,0,0,1
https://www.nike.com/kr/t/스포츠웨어-프리미엄-에센셜-남성-티셔츠-kxhNK9v6/DO7393-010,남성 티셔츠,나이키 스포츠웨어 프리미엄 에센셜,탑 & 티셔츠,그래픽 티셔츠,"59,000 원",M,0,0,0,0,1
https://www.nike.com/kr/t/스포츠웨어-티셔츠-TZWJPvo1/HV9487-010,티셔츠,나이키 스포츠웨어,탑 & 티셔츠,그래픽 티셔츠,"45,000 원",M,0,1,1,1,0
https://www.nike.com/kr/t/sb-로고-스케이트보딩-티셔츠-Cyk3B5V9/DC7818-010,로고 스케이트보딩 티셔츠,나이키 SB,탑 & 티셔츠,그래픽 티셔츠,"49,000 원",M,0,0,0,1,1
https://www.nike.com/kr/t/조던-스포츠-남성-드라이-핏-티셔츠-Jz1igAxZ/FZ1925-366,남성 드라이 핏 티셔츠,조던 스포츠,탑 & 티셔츠,그래픽 티셔츠,"49,000 원",M,0,0,0,0,1
https://www.nike.com/kr/t/스포츠웨어-프리미엄-남성-티셔츠-Ux5emQdO/HQ4442-663,남성 티셔츠,나이키 스포츠웨어 프리미엄,탑 & 티셔츠,그래픽 티셔츠,"65,000 원",M,0,0,0,1,1
https://www.nike.com/kr/t/드라이-핏-레전드-남성-민소매-피트니스-티셔츠-HdGpcQUk/DX0992-100,남성 민소매 피트니스 티셔츠,나이키 드라이 핏 레전드,탑 & 티셔츠,그래픽 티셔츠,"39,000 원",M,0,0,1,1,1
https://www.nike.com/kr/t/스포츠웨어-남성-티셔츠-pSUrYgK8/DX1986-010,남성 티셔츠,나이키 스포츠웨어,탑 & 티셔츠,그래픽 티셔츠,"45,000 원",M,0,1,1,1,1
https://www.nike.com/kr/t/드라이-핏-레전드-남성-긴팔-피트니스-탑-Fwg2Kc7T/DX0994-100,남성 긴팔 피트니스 탑,나이키 드라이 핏 레전드,탑 & 티셔츠,그래픽 티셔츠,"45,000 원",M,0,0,0,1,1
https://www.nike.com/kr/t/드라이-핏-남성-피트니스-티셔츠-0b3K5tst/DX0990-010,남성 피트니스 티셔츠,나이키 드라이 핏,탑 & 티셔츠,그래픽 티셔츠,"39,000 원",M,0,0,0,0,0
https://www.nike.com/kr/t/남성-드라이-핏-러닝-티셔츠-foBBJHss/HM8292-100,남성 드라이 핏 러닝 티셔츠,나이키,탑 & 티셔츠,그래픽 티셔츠,"45,000 원",M,0,0,0,0,1
https://www.nike.com/kr/t/남성-드라이-핏-피트니스-티셔츠-BEWoacNq/HF5247-100,남성 드라이 핏 피트니스 티셔츠,나이키,탑 & 티셔츠,그래픽 티셔츠,"49,000 원",M,0,0,0,1,1
https://www.nike.com/kr/t/스포츠웨어-남성-티셔츠-gjs0eGhw/AR5005-101,남성 티셔츠,나이키 스포츠웨어,탑 & 티셔츠,그래픽 티셔츠,"45,000 원",M,0,0,0,1,0
https://www.nike.com/kr/t/스포츠웨어-남성-맥스90-티셔츠-tVyLLZ8p/FZ5405-100,남성 맥스90 티셔츠,나이키 스포츠웨어,탑 & 티셔츠,그래픽 티셔츠,"59,000 원",M,0,1,1,1,1
https://www.nike.com/kr/t/acg-남성-드라이-핏-티셔츠-xVIPFivs/FZ5278-247,남성 드라이 핏 티셔츠,나이키 ACG,탑 & 티셔츠,그래픽 티셔츠,"65,000 원",M,0,1,1,1,1
https://www.nike.com/kr/t/에어-조던-워드마크-85-남성-티셔츠-ZPdFH7Pa/HF5490-480,남성 티셔츠,에어 조던 워드마크 85,탑 & 티셔츠,그래픽 티셔츠,"69,000 원",M,0,0,1,1,1
https://www.nike.com/kr/t/sb-스케이트보딩-티셔츠-9iuZr3Hz/FZ4109-100,스케이트보딩 티셔츠,나이키 SB,탑 & 티셔츠,그래픽 티셔츠,"55,000 원",M,0,1,1,1,1
https://www.nike.com/kr/t/조던-점프맨-남성-반팔-티셔츠-VT8lNJTF/DC7485-100,남성 반팔 티셔츠,조던 점프맨,탑 & 티셔츠,그래픽 티셔츠,"49,000 원",M,0,0,0,0,1
https://www.nike.com/kr/t/스포츠웨어-남성-티셔츠-TIGuemxq/HQ3297-100,남성 티셔츠,나이키 스포츠웨어,탑 & 티셔츠,그래픽 티셔츠,"49,000 원",M,0,0,0,0,1
https://www.nike.com/kr/t/맥스90-남성-골프-티셔츠-NRQjAiHX/FZ8104-100,남성 골프 티셔츠,나이키 맥스90,탑 & 티셔츠,그래픽 티셔츠,"55,000 원",M,0,0,1,1,1
https://www.nike.com/kr/t/sb-로고-스케이트보딩-티셔츠-9rbp8ZpG/CV7540-100,로고 스케이트보딩 티셔츠,나이키 SB,탑 & 티셔츠,그래픽 티셔츠,"49,000 원",M,0,1,1,1,1
https://www.nike.com/kr/t/스포츠웨어-남성-맥스90-티셔츠-HXrFZZwS/HF5565-100,남성 맥스90 티셔츠,나이키 스포츠웨어,탑 & 티셔츠,그래픽 티셔츠,"55,000 원",M,0,0,1,1,1
https://www.nike.com/kr/t/드라이-핏-남성-긴팔-트레일-러닝-티셔츠-8M7wNM4E/FN0828-010,남성 긴팔 트레일 러닝 티셔츠,나이키 드라이 핏,탑 & 티셔츠,그래픽 티셔츠,"49,000 원",M,0,0,0,1,1
https://www.nike.com/kr/t/에어-조던-워드마크-85-남성-티셔츠-Uf95fsbq/HF3447-085,남성 티셔츠,에어 조던 워드마크 85,탑 & 티셔츠,그래픽 티셔츠,"69,000 원",M,0,0,0,0,1
https://www.nike.com/kr/t/acg-남성-드라이-핏-티셔츠-iZfKFWO3/FZ5276-464,남성 드라이 핏 티셔츠,나이키 ACG,탑 & 티셔츠,그래픽 티셔츠,"65,000 원",M,0,0,0,0,1
https://www.nike.com/kr/t/남성-골프-티셔츠-px503yqF/FV8429-100,남성 골프 티셔츠,나이키,탑 & 티셔츠,그래픽 티셔츠,"49,000 원",M,0,0,0,0,1
https://www.nike.com/kr/t/usa-남성-농구-티셔츠-TjCvulqM/FQ3631-451,남성 나이키 농구 티셔츠,USA,탑 & 티셔츠,그래픽 티셔츠,"45,000 원",M,0,1,1,1,1
https://www.nike.com/kr/t/남성-드라이-핏-러닝-티셔츠-bHCgyEeR/FZ8055-010,남성 드라이 핏 러닝 티셔츠,나이키,탑 & 티셔츠,그래픽 티셔츠,"49,000 원",M,0,0,1,1,1
https://www.nike.com/kr/t/코트-남성-드라이-핏-테니스-티셔츠-6hTzWyiO/FZ8112-010,남성 드라이 핏 테니스 티셔츠,나이키코트,탑 & 티셔츠,그래픽 티셔츠,"49,000 원",M,0,0,0,1,0
https://www.nike.com/kr/t/코비-남성-맥스90-농구-티셔츠-NsxnvUdI/FZ8072-010,남성 맥스90 농구 티셔츠,코비,탑 & 티셔츠,그래픽 티셔츠,"65,000 원",M,0,0,1,1,1
https://www.nike.com/kr/t/스포츠웨어-클럽-남성-티셔츠-62l1iPuq/AR4999-371,남성 티셔츠,나이키 스포츠웨어 클럽,탑 & 티셔츠,그래픽 티셔츠,"39,000 원",M,0,0,0,0,1
https://www.nike.com/kr/t/남성-맥스90-농구-티셔츠-A0NoAsz2/FV8395-345,남성 맥스90 농구 티셔츠,나이키,탑 & 티셔츠,그래픽 티셔츠,"59,000 원",M,0,0,1,1,1
https://www.nike.com/kr/t/스포츠웨어-남성-티셔츠-eh59MV0X/HQ4323-010,남성 티셔츠,나이키 스포츠웨어,탑 & 티셔츠,그래픽 티셔츠,"55,000 원",M,0,1,1,1,1
https://www.nike.com/kr/t/에어-조던-남성-티셔츠-Eg5gBvew/FZ1908-085,남성 티셔츠,에어 조던,탑 & 티셔츠,그래픽 티셔츠,"89,000 원",M,0,0,0,1,1
https://www.nike.com/kr/t/sb-usa-스케이트보딩-티셔츠-rrhGhRAe/FZ8935-417,스케이트보딩 티셔츠,나이키 SB USA,탑 & 티셔츠,그래픽 티셔츠,"49,000 원",M,0,0,1,1,1
https://www.nike.com/kr/t/남성-피트니스-티셔츠-sVb1UA3w/FZ8051-100,남성 피트니스 티셔츠,나이키,탑 & 티셔츠,그래픽 티셔츠,"49,000 원",M,0,0,1,1,1
https://www.nike.com/kr/t/스포츠웨어-맥스90-남성-티셔츠-aqZdajYb/FZ5414-010,남성 티셔츠,나이키 스포츠웨어 맥스90,탑 & 티셔츠,그래픽 티셔츠,"49,000 원",M,0,0,1,1,1
https://www.nike.com/kr/t/스포츠웨어-맥스90-남성-티셔츠-xO3Ffi3a/HV5038-100,남성 티셔츠,나이키 스포츠웨어 맥스90,탑 & 티셔츠,그래픽 티셔츠,"55,000 원",M,0,0,0,1,1
https://www.nike.com/kr/t/르브론-남성-m90-농구-티셔츠-8kcJEq01/FV8407-010,남성 M90 농구 티셔츠,르브론,탑 & 티셔츠,그래픽 티셔츠,"65,000 원",M,0,0,0,1,1
https://www.nike.com/kr/t/남성-드라이-핏-피트니스-티셔츠-ad53jCEw/FZ8043-010,남성 드라이 핏 피트니스 티셔츠,나이키,탑 & 티셔츠,그래픽 티셔츠,"45,000 원",M,0,0,1,1,1
https://www.nike.com/kr/t/sb-긴팔-스케이트보딩-티셔츠-HkXGaOdP/HF0036-100,긴팔 스케이트보딩 티셔츠,나이키 SB,탑 & 티셔츠,그래픽 티셔츠,"65,000 원",M,0,1,1,1,1
https://www.nike.com/kr/t/에어-조던-남성-가디건-SCFFMli4/FV7426-070,남성 가디건,에어 조던,탑 & 티셔츠,긴팔,"179,000 원",M,0,0,1,1,1
https://www.nike.com/kr/t/라이프-남성-페어-아일-스우시-스웨터-8qIO4q1U/FZ0126-276,남성 페어 아일 스우시 스웨터,나이키 라이프,탑 & 티셔츠,긴팔,"229,000 원",M,0,1,1,1,1
https://www.nike.com/kr/t/라이프-남성-긴팔-섀미-필드-셔츠-irqLIhRc/FB7743-104,남성 긴팔 섀미 필드 셔츠,나이키 라이프,탑 & 티셔츠,긴팔,"165,000 원",M,0,1,1,1,1
https://www.nike.com/kr/t/조던-에센셜-남성-긴팔-탑-wPc0Lt5h/FV7456-223,남성 긴팔 탑,조던 에센셜,탑 & 티셔츠,긴팔,"79,000 원",M,0,0,0,1,1
https://www.nike.com/kr/t/조던-에센셜-남성-버튼-다운-셔츠-ZTEdakaB/FV7446-223,남성 버튼 다운 셔츠,조던 에센셜,탑 & 티셔츠,긴팔,"139,000 원",M,0,0,1,0,1
https://www.nike.com/kr/t/클럽-남성-크루넥-스웨터-fgvJiCMt/FQ2913-133,남성 크루넥 스웨터,나이키 클럽,탑 & 티셔츠,긴팔,"105,000 원",M,0,1,1,1,1
https://www.nike.com/kr/t/아카데미-윈터-워리어-남성-써마-핏-하프집-축구-탑-p7LgCH12/FB6817-010,남성 써마 핏 하프집 축구 탑,나이키 아카데미 윈터 워리어,탑 & 티셔츠,긴팔,"89,000 원",M,0,0,1,1,1
https://www.nike.com/kr/t/드라이-핏-레전드-남성-긴팔-피트니스-탑-Fwg2Kc7T/DX0994-010,남성 긴팔 피트니스 탑,나이키 드라이 핏 레전드,탑 & 티셔츠,긴팔,"45,000 원",M,0,0,1,0,0
https://www.nike.com/kr/t/마일러-남성-드라이-핏-uv-긴팔-러닝-탑-Y0izKA49/FB7071-010,남성 드라이 핏 UV 긴팔 러닝 탑,나이키 마일러,탑 & 티셔츠,긴팔,"55,000 원",M,0,0,1,1,1
https://www.nike.com/kr/t/프로-남성-드라이-핏-타이트-긴팔-피트니스-탑-sypQi4Yu/FB7920-010,남성 드라이 핏 타이트 긴팔 피트니스 탑,나이키 프로,탑 & 티셔츠,긴팔,"45,000 원",M,0,0,1,1,1
https://www.nike.com/kr/t/투어-남성-하프집-골프-탑-Gk0IBcWT/FQ0473-010,남성 하프집 골프 탑,나이키 투어,탑 & 티셔츠,긴팔,"135,000 원",M,0,0,1,1,0
https://www.nike.com/kr/t/스트라이크-남성-써마-핏-축구-드릴-탑-GzH8DVMA/FZ0567-702,남성 써마 핏 축구 드릴 탑,나이키 스트라이크,탑 & 티셔츠,긴팔,"119,000 원",M,1,1,1,1,1
https://www.nike.com/kr/t/드라이-핏-빅토리-남성-긴팔-골프-폴로-tMyEEBlA/DN2345-010,남성 긴팔 골프 폴로,나이키 드라이 핏 빅토리,탑 & 티셔츠,긴팔,"99,000 원",M,0,0,1,0,1
https://www.nike.com/kr/t/빅토리-남성-드라이-핏-하프집-골프-탑-m6neUG4Q/FD5838-010,남성 드라이 핏 하프집 골프 탑,나이키 빅토리,탑 & 티셔츠,긴팔,"109,000 원",M,0,0,1,1,1
https://www.nike.com/kr/t/드라이-핏-아카데미-남성-축구-드릴-탑-tXXKpSSW/DX4301-010,남성 축구 드릴 탑,나이키 드라이 핏 아카데미,탑 & 티셔츠,긴팔,"65,000 원",M,0,0,1,1,1
https://www.nike.com/kr/t/sb-긴팔-플란넬-스케이트보딩-버튼-업-셔츠-xywKQjc6/FN2568-113,긴팔 플란넬 스케이트보딩 버튼 업 셔츠,나이키 SB,탑 & 티셔츠,긴팔,"119,000 원",M,0,1,0,0,0
https://www.nike.com/kr/t/투어-남성-골프-스웨터-dc7IGXdD/FQ8833-072,남성 골프 스웨터,나이키 투어,탑 & 티셔츠,긴팔,"159,000 원",M,0,0,1,1,1
https://www.nike.com/kr/t/프로-남성-드라이-핏-피트니스-모크넥-긴팔-탑-DlPokO1x/FB7909-010,남성 드라이 핏 피트니스 모크넥 긴팔 탑,나이키 프로,탑 & 티셔츠,긴팔,"45,000 원",M,0,0,1,1,1
https://www.nike.com/kr/t/드라이-핏-엘리먼트-남성-쿼터집-러닝-탑-FhMazl3c/DD4757-010,남성 쿼터집 러닝 탑,나이키 드라이 핏 엘리먼트,탑 & 티셔츠,긴팔,"85,000 원",M,0,0,1,0,1
https://www.nike.com/kr/t/드라이-핏-uv-하이버스-남성-긴팔-피트니스-탑-5bg0Uku2/FB8584-010,남성 긴팔 피트니스 탑,나이키 드라이 핏 UV 하이버스,탑 & 티셔츠,긴팔,"55,000 원",M,0,0,0,0,1
https://www.nike.com/kr/t/에센셜-남성-긴팔-하이드로가드-수영-셔츠-ewW4hn0J/DM3768-010,남성 긴팔 하이드로가드 수영 셔츠,나이키 에센셜,탑 & 티셔츠,긴팔,"89,000 원",M,1,1,1,1,1
https://www.nike.com/kr/t/파리-생제르맹-스트라이크-남성-드라이-핏-축구-드릴-탑-GH0yFLl8/FN9841-613,남성 나이키 드라이 핏 축구 드릴 탑,파리 생제르맹 스트라이크,탑 & 티셔츠,긴팔,"95,000 원",M,0,0,1,1,1
https://www.nike.com/kr/t/조던-에센셜-남성-플래드-플란넬-탑-HG0pNgDm/FZ8759-100,남성 플래드 플란넬 탑,조던 에센셜,탑 & 티셔츠,긴팔,"129,000 원",M,0,1,1,1,1
https://www.nike.com/kr/t/엘리먼트-남성-써마-핏-발수-하프집-러닝-탑-USdqs3q3/FZ1150-010,남성 써마 핏 발수 하프집 러닝 탑,나이키 엘리먼트,탑 & 티셔츠,긴팔,"109,000 원",M,0,0,0,1,1
https://www.nike.com/kr/t/테크-플리스-리이매진드-남성-폴로-b4UwNIwT/FZ7571-060,남성 폴로,나이키 테크 플리스 리이매진드,탑 & 티셔츠,긴팔,"149,000 원",M,0,0,0,1,1
https://www.nike.com/kr/t/엘리먼트-킵초게-남성-드라이-핏-러닝-탑-JemMI0uz/FZ1079-010,남성 드라이 핏 러닝 탑,나이키 엘리먼트 '킵초게',탑 & 티셔츠,긴팔,"99,000 원",M,0,0,1,1,1
https://www.nike.com/kr/t/스피어-엘리먼트-남성-써마-핏-발수-하프집-러닝-탑-al3gwMEM/FZ1116-010,남성 써마 핏 발수 하프집 러닝 탑,나이키 스피어 엘리먼트,탑 & 티셔츠,긴팔,"129,000 원",M,0,0,0,1,1
https://www.nike.com/kr/t/조던-스포츠-남성-긴팔-티셔츠-SHbPErHv/FZ1981-011,남성 긴팔 티셔츠,조던 스포츠,탑 & 티셔츠,긴팔,"55,000 원",M,0,0,1,1,1
https://www.nike.com/kr/t/에어-조던-워드마크-남성-긴팔-티셔츠-cW0K4dH0/FZ9752-133,남성 긴팔 티셔츠,에어 조던 워드마크,탑 & 티셔츠,긴팔,"75,000 원",M,0,1,1,1,1
https://www.nike.com/kr/t/acg-남성-긴팔-티셔츠-qGIoHCz6/FZ6705-010,남성 긴팔 티셔츠,나이키 ACG,탑 & 티셔츠,긴팔,"75,000 원",M,0,1,1,1,1
https://www.nike.com/kr/t/남성-드라이-핏-긴팔-농구-티셔츠-tpf7n87l/HF6210-010,남성 드라이 핏 긴팔 농구 티셔츠,나이키,탑 & 티셔츠,긴팔,"49,000 원",M,0,0,1,1,1
https://www.nike.com/kr/t/대한민국-스트라이크-남성-사커-드릴-탑-CmkXDzdQ/FJ2876-418,남성 나이키 사커 드릴 탑,대한민국 스트라이크,탑 & 티셔츠,긴팔,"135,000 원",M,0,0,1,1,1
https://www.nike.com/kr/t/에센셜-남성-긴팔-후드-하이드로가드-UNprSgce/FB7436-010,남성 긴팔 후드 하이드로가드,나이키 에센셜,탑 & 티셔츠,긴팔,"99,000 원",M,1,1,1,0,0
https://www.nike.com/kr/t/남성-드라이-핏-농구-티셔츠-4G5E5r35/HF6202-010,남성 드라이 핏 농구 티셔츠,나이키,탑 & 티셔츠,긴팔,"49,000 원",M,0,0,1,0,1
https://www.nike.com/kr/t/프로-웜-남성-긴팔-탑-aGQTBTYA/FB7983-010,남성 긴팔 탑,나이키 프로 웜,탑 & 티셔츠,긴팔,"65,000 원",M,0,1,1,1,1
https://www.nike.com/kr/t/프로-남성-드라이-핏-웜-긴팔-피트니스-모크-BWjeW3jn/FB8516-010,남성 드라이 핏 웜 긴팔 피트니스 모크,나이키 프로,탑 & 티셔츠,긴팔,"65,000 원",M,0,1,1,1,1
https://www.nike.com/kr/t/프라이머리-남성-드라이-핏-긴팔-버서타일-탑-RAjLBH2U/FB8586-110,남성 드라이 핏 긴팔 버서타일 탑,나이키 프라이머리,탑 & 티셔츠,긴팔,"69,000 원",M,0,0,1,1,1
https://www.nike.com/kr/t/리버풀-fc-스트라이크-서드-남성-드라이-핏-축구-드릴-탑-uWjHpNQf/FQ2624-078,남성 나이키 드라이 핏 축구 드릴 탑,리버풀 FC 스트라이크 서드,탑 & 티셔츠,긴팔,"99,000 원",M,0,0,1,1,1
https://www.nike.com/kr/t/파리-생제르맹-스트라이크-서드-남성-조던-드라이-핏-축구-드릴-탑-4YO1b7da/FQ2625-111,남성 조던 드라이 핏 축구 드릴 탑,파리 생제르맹 스트라이크 서드,탑 & 티셔츠,긴팔,"99,000 원",M,0,0,1,1,1
https://www.nike.com/kr/t/엘리먼트-러닝-디비전-남성-드라이-핏-하프집-러닝-탑-By9bDkoB/FZ1128-010,남성 드라이 핏 하프집 러닝 탑,나이키 엘리먼트 러닝 디비전,탑 & 티셔츠,긴팔,"119,000 원",M,0,0,0,0,1
https://www.nike.com/kr/t/르브론-남성-맥스90-긴팔-농구-티셔츠-2xbHQBQe/HF6192-010,남성 맥스90 긴팔 농구 티셔츠,르브론,탑 & 티셔츠,긴팔,"65,000 원",M,0,1,1,1,1
https://www.nike.com/kr/t/jacquemus-반팔-티셔츠-8mjTYE8I/HF7112-475,반팔 티셔츠,나이키 x Jacquemus,탑 & 티셔츠,반팔,"79,000 원",M,0,0,0,1,1
https://www.nike.com/kr/t/하이버스-남성-드라이-핏-uv-반팔-탑-CigNN99p/HJ7008-030,남성 드라이 핏 UV 반팔 탑,나이키 하이버스,탑 & 티셔츠,반팔,"55,000 원",M,0,0,1,1,1
https://www.nike.com/kr/t/대한민국-2024-스타디움-홈-남성-드라이-핏-축구-레플리카-저지-2YdOpHWP/FJ4282-679,남성 나이키 드라이 핏 축구 레플리카 저지,대한민국 2024 스타디움 홈,탑 & 티셔츠,반팔,"129,000 원",M,0,1,1,1,1
https://www.nike.com/kr/t/acg-고트-록스-남성-드라이-핏-adv-uv-반팔-탑-TXpbWqAI/FN8412-437,남성 드라이 핏 ADV UV 반팔 탑,나이키 ACG '고트 록스',탑 & 티셔츠,반팔,"69,000 원",M,0,1,1,1,1
https://www.nike.com/kr/t/대한민국-2024-스타디움-어웨이-남성-드라이-핏-축구-레플리카-저지-SjmuhA4c/FJ4281-010,남성 나이키 드라이 핏 축구 레플리카 저지,대한민국 2024 스타디움 어웨이,탑 & 티셔츠,반팔,"129,000 원",M,0,1,1,1,1
https://www.nike.com/kr/t/스포츠웨어-남성-티셔츠-pSUrYgK8/DX1986-100,남성 티셔츠,나이키 스포츠웨어,탑 & 티셔츠,반팔,"45,000 원",M,0,1,1,1,1
https://www.nike.com/kr/t/스포츠웨어-남성-폴로-U4009lCP/CJ4457-010,남성 폴로,나이키 스포츠웨어,탑 & 티셔츠,반팔,"59,000 원",M,0,1,1,1,1
https://www.nike.com/kr/t/라이즈-365-런-에너지-남성-반팔-러닝-탑-aXIz3kDx/FN3997-121,남성 반팔 러닝 탑,나이키 라이즈 365 런 에너지,탑 & 티셔츠,반팔,"69,000 원",M,0,0,1,1,1
https://www.nike.com/kr/t/대한민국-남성-드라이-핏-adv-브레이킹-반팔-탑-1DUAu56R/FQ7120-126,남성 나이키 드라이 핏 ADV 브레이킹 반팔 탑,대한민국,탑 & 티셔츠,반팔,"59,000 원",M,0,1,1,0,1
https://www.nike.com/kr/t/테크-남성-반팔-플리스-탑-OdVAovHe/FZ7582-104,남성 반팔 플리스 탑,나이키 테크,탑 & 티셔츠,반팔,"119,000 원",M,0,1,1,1,1
https://www.nike.com/kr/t/코트-헤리티지-남성-테니스-폴로-ayNW64rm/FQ2102-100,남성 테니스 폴로,나이키코트 헤리티지,탑 & 티셔츠,반팔,"99,000 원",M,0,0,1,1,1
https://www.nike.com/kr/t/테크-남성-반팔-upf-우븐-탑-W2o4qm1O/FZ0705-060,남성 반팔 UPF 우븐 탑,나이키 테크,탑 & 티셔츠,반팔,"149,000 원",M,0,0,1,1,1
https://www.nike.com/kr/t/라이프-남성용-반팔-니트-탑-eAv9FHnJ/FZ6517-029,남성용 반팔 니트 탑,나이키 라이프,탑 & 티셔츠,반팔,"95,000 원",M,0,1,1,1,1
https://www.nike.com/kr/t/요가-드라이-핏-남성-탑-9BLcLIhk/DM7826-247,남성 탑,나이키 요가 드라이 핏,탑 & 티셔츠,반팔,"65,000 원",M,0,0,1,1,1
https://www.nike.com/kr/t/드라이-핏-빅토리-남성-골프-폴로-GwNnOxSC/DH0823-010,남성 골프 폴로,나이키 드라이 핏 빅토리,탑 & 티셔츠,반팔,"79,000 원",M,0,0,1,1,0
https://www.nike.com/kr/t/클럽-남성-반팔-폴로셔츠-VX9rdocj/FN3895-010,남성 반팔 폴로셔츠,나이키 클럽,탑 & 티셔츠,반팔,"65,000 원",M,0,0,0,1,0
https://www.nike.com/kr/t/코트-드라이-핏-남성-테니스-폴로-XQk3xROO/DH0858-010,남성 테니스 폴로,나이키코트 드라이 핏,탑 & 티셔츠,반팔,"55,000 원",M,0,1,1,1,1
https://www.nike.com/kr/t/드라이-핏-남성-올오버-프린트-반팔-요가-탑-Zsv5I3CR/DX0923-015,남성 올오버 프린트 반팔 요가 탑,나이키 드라이 핏,탑 & 티셔츠,반팔,"75,000 원",M,0,0,1,1,1
https://www.nike.com/kr/t/라이즈-365-런-에너지-남성-드라이-핏-반팔-러닝-탑-ixpRBdhZ/FZ1081-010,남성 드라이 핏 반팔 러닝 탑,나이키 라이즈 365 런 에너지,탑 & 티셔츠,반팔,"69,000 원",M,0,0,1,1,1
https://www.nike.com/kr/t/조던-스포츠-남성-드라이-핏-반팔-탑-bDtAOazD/FN5829-100,남성 드라이 핏 반팔 탑,조던 스포츠,탑 & 티셔츠,반팔,"49,000 원",M,0,0,0,0,1
https://www.nike.com/kr/t/하이버스-남성-드라이-핏-반팔-피트니스-탑-Lk8pCG25/FV9615-010,남성 드라이 핏 반팔 피트니스 탑,나이키 하이버스,탑 & 티셔츠,반팔,"59,000 원",M,0,0,1,1,0
https://www.nike.com/kr/t/하이버스-트랙-클럽-남성-드라이-핏-uv-반팔-러닝-탑-oEEtowlw/FZ0291-121,남성 드라이 핏 UV 반팔 러닝 탑,나이키 하이버스 트랙 클럽,탑 & 티셔츠,반팔,"59,000 원",M,0,0,1,1,1
https://www.nike.com/kr/t/러닝-디비전-남성-드라이-핏-adv-반팔-러닝-탑-n7ttyoKU/FZ0584-072,남성 드라이 핏 ADV 반팔 러닝 탑,나이키 러닝 디비전,탑 & 티셔츠,반팔,"99,000 원",M,0,0,0,0,1
https://www.nike.com/kr/t/에센셜-남성-반팔-하이드로가드-수영-셔츠-bCUiroFS/DM3765-010,남성 반팔 하이드로가드 수영 셔츠,나이키 에센셜,탑 & 티셔츠,반팔,"79,000 원",M,1,0,1,1,1
https://www.nike.com/kr/t/sb-스웨터-베스트-AikondAZ/FV7392-523,스웨터 베스트,나이키 SB,탑 & 티셔츠,민소매 & 탱크탑,"119,000 원",M,0,0,1,0,1
https://www.nike.com/kr/t/에센셜-남성-민소매-하이드로가드-수영-셔츠-KCkU6Mxy/DM3762-010,남성 민소매 하이드로가드 수영 셔츠,나이키 에센셜,탑 & 티셔츠,민소매 & 탱크탑,"59,000 원",M,1,1,0,1,1
https://www.nike.com/kr/t/스포츠웨어-프리미엄-에센셜-남성-탱크-7vZd3hfA/FD1291-010,남성 탱크,나이키 스포츠웨어 프리미엄 에센셜,탑 & 티셔츠,민소매 & 탱크탑,"55,000 원",M,0,0,1,1,1
https://www.nike.com/kr/t/에어로스위프트-남성-드라이-핏-adv-러닝-싱글렛-H9juRsU2/FN4232-010,남성 드라이 핏 ADV 러닝 싱글렛,나이키 에어로스위프트,탑 & 티셔츠,민소매 & 탱크탑,"109,000 원",M,0,0,0,0,1
https://www.nike.com/kr/t/sb-usa-남성-드라이-핏-adv-민소매-스케이트보딩-저지-6I0qhZKx/FZ4073-100,남성 드라이 핏 ADV 민소매 스케이트보딩 저지,나이키 SB USA,탑 & 티셔츠,민소매 & 탱크탑,"169,000 원",M,0,0,0,1,1
https://www.nike.com/kr/t/야니스-남성-드라이-핏-dna-농구-저지-HNjH9Se3/FZ0925-010,남성 드라이 핏 DNA 농구 저지,야니스,탑 & 티셔츠,민소매 & 탱크탑,"75,000 원",M,0,0,0,1,1
https://www.nike.com/kr/t/fc-바르셀로나-2024-25-스타디움-어웨이-남성-드라이-핏-축구-레플리카-저지-KmJTo1yC/FN8792-010,남성 나이키 드라이 핏 축구 레플리카 저지,FC 바르셀로나 2024/25 스타디움 어웨이,탑 & 티셔츠,저지,"129,000 원",M,0,1,1,1,1
https://www.nike.com/kr/t/토트넘-홋스퍼-2024-25-스타디움-홈-남성-드라이-핏-축구-레플리카-저지-akklBRpg/FN8794-101,남성 나이키 드라이 핏 축구 레플리카 저지,토트넘 홋스퍼 2024/25 스타디움 홈,탑 & 티셔츠,저지,"129,000 원",M,0,0,0,0,1
https://www.nike.com/kr/t/리버풀-fc-2024-25-스타디움-어웨이-남성-드라이-핏-축구-레플리카-저지-XSQ0ZAq6/FN8780-322,남성 나이키 드라이 핏 축구 레플리카 저지,리버풀 FC 2024/25 스타디움 어웨이,탑 & 티셔츠,저지,"129,000 원",M,0,1,1,1,0
https://www.nike.com/kr/t/토트넘-홋스퍼-2024-25-스타디움-어웨이-남성-드라이-핏-축구-레플리카-저지-0C28yGIc/FN8788-480,남성 나이키 드라이 핏 축구 레플리카 저지,토트넘 홋스퍼 2024/25 스타디움 어웨이,탑 & 티셔츠,저지,"129,000 원",M,0,1,1,1,1
https://www.nike.com/kr/t/파리-생제르맹-2024-25-스타디움-어웨이-남성-드라이-핏-축구-레플리카-저지-Pxy68QTa/FN8781-101,남성 나이키 드라이 핏 축구 레플리카 저지,파리 생제르맹 2024/25 스타디움 어웨이,탑 & 티셔츠,저지,"129,000 원",M,0,0,1,1,1
https://www.nike.com/kr/t/파리-생제르맹-2024-25-스타디움-홈-남성-드라이-핏-축구-레플리카-저지-KpbOYFZu/FN8795-411,남성 나이키 드라이 핏 축구 레플리카 저지,파리 생제르맹 2024/25 스타디움 홈,탑 & 티셔츠,저지,"129,000 원",M,0,0,1,1,1
https://www.nike.com/kr/t/파리-생제르맹-2024-25-매치-어웨이-남성-드라이-핏-adv-축구-어센틱-저지-5nCX0GGO/FN8762-101,남성 나이키 드라이 핏 ADV 축구 어센틱 저지,파리 생제르맹 2024/25 매치 어웨이,탑 & 티셔츠,저지,"185,000 원",M,0,0,1,1,1
https://www.nike.com/kr/t/르브론-x-리버풀-fc-스타디움-남성-드라이-핏-레플리카-축구-저지-SKF5WATe/FZ3199-011,남성 나이키 드라이 핏 레플리카 축구 저지,르브론 x 리버풀 FC 스타디움,탑 & 티셔츠,저지,"125,000 원",M,0,0,1,0,0
https://www.nike.com/kr/t/아틀레티코-마드리드-2024-25-스타디움-어웨이-남성-드라이-핏-축구-레플리카-저지-Z3p6h4V8/FN8777-018,남성 나이키 드라이 핏 축구 레플리카 저지,아틀레티코 마드리드 2024/25 스타디움 어웨이,탑 & 티셔츠,저지,"129,000 원",M,0,0,1,1,1
https://www.nike.com/kr/t/sb-usa-남성-드라이-핏-adv-반팔-스케이트보딩-저지-BosbIJMl/FZ4066-451,남성 드라이 핏 ADV 반팔 스케이트보딩 저지,나이키 SB USA,탑 & 티셔츠,저지,"169,000 원",M,0,1,0,1,1
https://www.nike.com/kr/t/대한민국-2024-골키퍼-남성-드라이-핏-축구-레플리카-반팔-저지-EPao02JW/FJ1240-100,남성 나이키 드라이 핏 축구 레플리카 반팔 저지,대한민국 2024 골키퍼,탑 & 티셔츠,저지,"165,000 원",M,0,0,0,0,1
https://www.nike.com/kr/t/파리-생제르맹-2024-25-매치-서드-남성-조던-드라이-핏-adv-축구-어센틱-저지-fbCdGnrI/FQ1950-686,남성 조던 드라이 핏 ADV 축구 어센틱 저지,파리 생제르맹 2024/25 매치 서드,탑 & 티셔츠,저지,"185,000 원",M,0,0,1,1,1
https://www.nike.com/kr/t/아틀레티코-마드리드-2024-25-스타디움-서드-남성-드라이-핏-축구-레플리카-저지-2hbjPthJ/FQ2021-493,남성 나이키 드라이 핏 축구 레플리카 저지,아틀레티코 마드리드 2024/25 스타디움 서드,탑 & 티셔츠,저지,"129,000 원",M,0,0,1,1,1
https://www.nike.com/kr/t/fc-바르셀로나-2024-25-스타디움-서드-남성-드라이-핏-축구-레플리카-저지-FsZmxbit/FQ2022-702,남성 나이키 드라이 핏 축구 레플리카 저지,FC 바르셀로나 2024/25 스타디움 서드,탑 & 티셔츠,저지,"129,000 원",M,0,1,1,1,1
https://www.nike.com/kr/t/파리-생제르맹-2024-25-스타디움-서드-남성-조던-드라이-핏-축구-레플리카-저지-isvX8Wos/FQ2024-686,남성 조던 드라이 핏 축구 레플리카 저지,파리 생제르맹 2024/25 스타디움 서드,탑 & 티셔츠,저지,"129,000 원",M,0,0,1,1,1
https://www.nike.com/kr/t/토트넘-홋스퍼-2024-25-스타디움-서드-남성-드라이-핏-축구-레플리카-저지-HNaTpb29/FQ2032-380,남성 나이키 드라이 핏 축구 레플리카 저지,토트넘 홋스퍼 2024/25 스타디움 서드,탑 & 티셔츠,저지,"129,000 원",M,0,1,1,1,1
https://www.nike.com/kr/t/투어-남성-드라이-핏-골프-폴로-hEunUrhR/FQ0427-100,남성 드라이 핏 골프 폴로,나이키 투어,탑 & 티셔츠,폴로,"109,000 원",M,0,0,0,1,1
https://www.nike.com/kr/t/투어-남성-드라이-핏-adv-골프-폴로-xiCbSKMn/FD5732-100,남성 드라이 핏 ADV 골프 폴로,나이키 투어,탑 & 티셔츠,폴로,"145,000 원",M,0,0,1,1,1
https://www.nike.com/kr/t/sb-남성-드라이-핏-adv-반팔-스케이트보딩-폴로-A8X7Yxde/FZ7006-394,남성 드라이 핏 ADV 반팔 스케이트보딩 폴로,나이키 SB,탑 & 티셔츠,폴로,"75,000 원",M,0,0,0,0,0
https://www.nike.com/kr/t/조던-스포츠-남성-드라이-핏-폴로-vQg5TTE8/HV6585-010,남성 드라이 핏 폴로,조던 스포츠,탑 & 티셔츠,폴로,"85,000 원",M,0,1,1,1,1
https://www.nike.com/kr/t/클럽-남성-반팔-옥스퍼드-버튼업-탑-fsIPMEj1/FN3903-010,남성 반팔 옥스퍼드 버튼업 탑,나이키 클럽,탑 & 티셔츠,버튼다운 & 플란넬,"85,000 원",M,0,1,1,1,1
https://www.nike.com/kr/t/클럽-남성-쿼터집-플리스-탑-cukBObS3/FZ0874-010,남성 쿼터집 플리스 탑,나이키 클럽,후디 & 크루,풀오버,"105,000 원",M,0,1,1,1,1
https://www.nike.com/kr/t/클럽-남성-오버사이즈-크루넥-스웻셔츠-F1xmhRh6/HQ2962-010,남성 오버사이즈 크루넥 스웻셔츠,나이키 클럽,후디 & 크루,풀오버,"105,000 원",M,0,1,1,1,1
https://www.nike.com/kr/t/조던-플라이트-남성-하이파일-플리스-풀오버-후디-SjvXqRkx/FV7452-010,남성 하이파일 플리스 풀오버 후디,조던 플라이트,후디 & 크루,풀오버,"145,000 원",M,0,0,1,1,1
https://www.nike.com/kr/t/조던-에센셜-남성-플리스-크루넥-스웻셔츠-cnKxpaYg/FV7460-010,남성 플리스 크루넥 스웻셔츠,조던 에센셜,후디 & 크루,풀오버,"95,000 원",M,0,1,1,1,1
https://www.nike.com/kr/t/acg-캔웰-글레이셔-남성-써마-핏-adv-윈드프루프-하프집-탑-uZpgFPJZ/FZ8623-573,남성 써마 핏 ADV 윈드프루프 하프집 탑,나이키 ACG '캔웰 글레이셔',후디 & 크루,풀오버,"239,000 원",M,0,1,1,1,1
https://www.nike.com/kr/t/스포츠웨어-클럽-남성-플리스-재킷-RnJzwSHH/FZ0889-068,남성 플리스 재킷,나이키 스포츠웨어 클럽,후디 & 크루,풀오버,"149,000 원",M,0,1,1,1,1
https://www.nike.com/kr/t/스포츠웨어-클럽-남성-윈터라이즈드-베스트-Ez94sA3o/FZ0895-323,남성 윈터라이즈드 베스트,나이키 스포츠웨어 클럽,후디 & 크루,풀오버,"119,000 원",M,0,0,1,1,1
https://www.nike.com/kr/t/sb-플리스-스케이트보딩-크루-2rpsQhOT/FV7354-010,플리스 스케이트보딩 크루,나이키 SB,후디 & 크루,풀오버,"95,000 원",M,0,0,1,1,1
https://www.nike.com/kr/t/클럽-남성-크루-aaAPNQ5a/FZ0880-010,남성 크루,나이키 클럽,후디 & 크루,풀오버,"125,000 원",M,0,1,1,1,1
https://www.nike.com/kr/t/르브론-스탠다드-이슈-남성-써마-핏-농구-재킷-qKTrLKi2/FZ1035-010,남성 써마 핏 농구 재킷,르브론 스탠다드 이슈,후디 & 크루,풀오버,"159,000 원",M,0,1,1,1,1
https://www.nike.com/kr/t/조던-브루클린-플리스-남성-크루넥-스웻셔츠-MUYb8uVJ/HV1750-010,남성 크루넥 스웻셔츠,조던 브루클린 플리스,후디 & 크루,풀오버,"85,000 원",M,0,1,1,1,1
https://www.nike.com/kr/t/스포츠웨어-클럽-플리스-크루-oV2XA95Q/BV2663-010,크루,나이키 스포츠웨어 클럽 플리스,후디 & 크루,풀오버,"75,000 원",M,0,1,1,1,1
https://www.nike.com/kr/t/솔로-스우시-남성-플리스-크루-xn5FjzNR/DX1362-063,남성 플리스 크루,나이키 솔로 스우시,후디 & 크루,풀오버,"119,000 원",M,0,0,1,1,1
https://www.nike.com/kr/t/런-에너지-남성-드라이-핏-플리스-러닝-크루-ugTHbQrb/HF0334-010,남성 드라이 핏 플리스 러닝 크루,나이키 런 에너지,후디 & 크루,풀오버,"105,000 원",M,0,0,1,1,1
https://www.nike.com/kr/t/클럽-플리스-남성-윈터라이즈드-크루-PvshW5BV/FB8379-010,남성 윈터라이즈드 크루,나이키 클럽 플리스,후디 & 크루,풀오버,"109,000 원",M,0,0,0,1,1
https://www.nike.com/kr/t/클럽-플리스-남성-긴팔-크루넥-스웻셔츠-BOhlZsdA/FN2611-063,남성 긴팔 크루넥 스웻셔츠,나이키 클럽 플리스,후디 & 크루,풀오버,"89,000 원",M,0,0,0,0,1
https://www.nike.com/kr/t/스포츠웨어-테크-플리스-남성-크루-BbXJBNj6/FB7917-010,남성 크루,나이키 스포츠웨어 테크 플리스,후디 & 크루,풀오버,"139,000 원",M,0,0,1,1,1
https://www.nike.com/kr/t/조던-플라이트-플리스-남성-크루넥-스웻셔츠-m7vp7kwU/FV7259-010,남성 크루넥 스웻셔츠,조던 플라이트 플리스,후디 & 크루,풀오버,"115,000 원",M,0,1,1,1,1
https://www.nike.com/kr/t/남성-드라이-핏-플리스-긴팔-피트니스-크루-enAq9UIm/FN3991-133,남성 드라이 핏 플리스 긴팔 피트니스 크루,나이키,후디 & 크루,풀오버,"85,000 원",M,0,1,1,1,1
https://www.nike.com/kr/t/남성-드라이-핏-플리스-피트니스-크루넥-탑-iLRpYFLX/FN3290-010,남성 드라이 핏 플리스 피트니스 크루넥 탑,나이키,후디 & 크루,풀오버,"85,000 원",M,0,0,0,0,1
https://www.nike.com/kr/t/클럽-플리스-남성-긴팔-플리스-폴로-W4uSAnxg/FN3113-365,남성 긴팔 플리스 폴로,나이키 클럽 플리스,후디 & 크루,풀오버,"115,000 원",M,0,1,1,1,0
https://www.nike.com/kr/t/드라이-핏-트랙-클럽-남성-플리스-긴팔-크루넥-러닝-스웻셔츠-YingTM7Q/FB5510-010,남성 플리스 긴팔 크루넥 러닝 스웻셔츠,나이키 드라이 핏 트랙 클럽,후디 & 크루,풀오버,"95,000 원",M,0,0,1,1,1
https://www.nike.com/kr/t/클럽-플리스-남성-오버사이즈-프렌치-테리-크루-4J3GzXvw/HJ1820-010,남성 오버사이즈 프렌치 테리 크루,나이키 클럽 플리스,후디 & 크루,풀오버,"89,000 원",M,0,1,1,1,1
https://www.nike.com/kr/t/클럽-남성-프렌치-테리-크루넥-스웻셔츠-hiciDGVe/FZ0765-010,남성 프렌치 테리 크루넥 스웻셔츠,나이키 클럽,후디 & 크루,풀오버,"95,000 원",M,0,0,0,0,1
https://www.nike.com/kr/t/리버풀-fc-스탠다드-이슈-남성-드라이-핏-축구-쿼터집-탑-VakTAtqi/FQ8008-104,남성 나이키 드라이 핏 축구 쿼터집 탑,리버풀 FC 스탠다드 이슈,후디 & 크루,풀오버,"135,000 원",M,0,0,1,1,1
https://www.nike.com/kr/t/스포츠웨어-클럽-남성-프렌치-테리-크루-dRCHo4Yw/BV2667-133,남성 프렌치 테리 크루,나이키 스포츠웨어 클럽,후디 & 크루,풀오버,"75,000 원",M,0,1,1,1,1
https://www.nike.com/kr/t/써마-핏-빅토리-남성-쿼터집-골프-탑-geMgCxz1/DN1948-010,남성 쿼터집 골프 탑,나이키 써마 핏 빅토리,후디 & 크루,풀오버,"119,000 원",M,0,0,1,1,1
https://www.nike.com/kr/t/야니스-스탠다드-이슈-남성-쿼터집-농구-탑-mWn07cRt/FZ0929-324,남성 쿼터집 농구 탑,야니스 스탠다드 이슈,후디 & 크루,풀오버,"129,000 원",M,0,0,1,1,1
https://www.nike.com/kr/t/스포츠웨어-트렌드-남성-플리스-크루-OnvB9HFV/FB7261-133,남성 플리스 크루,나이키 스포츠웨어 트렌드,후디 & 크루,풀오버,"135,000 원",M,0,0,0,0,1
https://www.nike.com/kr/t/조던-플리스-남성-크루넥-스웻셔츠-CM4wTGuF/HV5720-041,남성 크루넥 스웻셔츠,조던 플리스,후디 & 크루,풀오버,"85,000 원",M,0,1,1,1,1
https://www.nike.com/kr/t/테이텀-남성-플리스-크루넥-스웻셔츠-cmncMYZx/HF7845-028,남성 플리스 크루넥 스웻셔츠,테이텀,후디 & 크루,풀오버,"125,000 원",M,0,0,0,1,1
https://www.nike.com/kr/t/스포츠웨어-프리미엄-남성-플리스-크루넥-스웻셔츠-0MoBdTl1/FB1960-060,남성 플리스 크루넥 스웻셔츠,나이키 스포츠웨어 프리미엄,후디 & 크루,풀오버,"109,000 원",M,0,0,1,1,1
https://www.nike.com/kr/t/조던-브루클린-플리스-남성-크루넥-스웻셔츠-XeZEoMUL/FV7293-010,남성 크루넥 스웻셔츠,조던 브루클린 플리스,후디 & 크루,풀오버,"85,000 원",M,0,1,1,1,1
https://www.nike.com/kr/t/acg-캔웰-글레이셔-남성-써마-핏-adv-윈드프루프-재킷-R4wglt1w/FV8654-010,남성 써마 핏 ADV 윈드프루프 재킷,나이키 ACG '캔웰 글레이셔',후디 & 크루,풀오버,"209,000 원",M,0,1,1,1,1
https://www.nike.com/kr/t/트레일-polartec-남성-쿼터집-플리스-러닝-탑-kW1xDmQV/FV9964-010,남성 쿼터집 플리스 러닝 탑,나이키 트레일 Polartec®,후디 & 크루,풀오버,"175,000 원",M,0,0,1,1,1
https://www.nike.com/kr/t/클럽-남성-윈터라이즈드-하프집-x03DJiPB/FZ0898-247,남성 윈터라이즈드 하프집,나이키 클럽,후디 & 크루,풀오버,"139,000 원",M,0,0,1,1,1
https://www.nike.com/kr/t/테크-남성-플리스-하프집-탑-ie1S4Kay/FZ7569-060,남성 플리스 하프집 탑,나이키 테크,후디 & 크루,풀오버,"175,000 원",M,0,1,1,1,1
https://www.nike.com/kr/t/남성-쿼터집-탑-xdey5nbT/HQ2955-010,남성 쿼터집 탑,나이키,후디 & 크루,풀오버,"135,000 원",M,0,1,1,1,1
https://www.nike.com/kr/t/클럽-남성-오버사이즈-크루넥-스웻셔츠-ij360MC4/HQ2957-010,남성 오버사이즈 크루넥 스웻셔츠,나이키 클럽,후디 & 크루,풀오버,"95,000 원",M,0,1,1,1,1
https://www.nike.com/kr/t/테크-남성-우븐-재킷-99mXvpHF/FZ0752-010,남성 우븐 재킷,나이키 테크,재킷 & 베스트,봄버 재킷,"189,000 원",M,0,1,1,1,1
https://www.nike.com/kr/t/대한민국-덕아웃-남성-브레이킹-새틴-재킷-eL5W2yoH/FN9459-455,남성 나이키 브레이킹 새틴 재킷,대한민국 덕아웃,재킷 & 베스트,봄버 재킷,"205,000 원",M,0,0,0,1,1
https://www.nike.com/kr/t/조던-레니게이드-에센셜-남성-라이트웨이트-재킷-NLIJlOAG/FN4623-010,남성 라이트웨이트 재킷,조던 레니게이드 에센셜,재킷 & 베스트,봄버 재킷,"179,000 원",M,0,0,0,0,1
https://www.nike.com/kr/t/테크-남성-우븐-재킷-99mXvpHF/FZ0752-464,남성 우븐 재킷,나이키 테크,재킷 & 베스트,봄버 재킷,"189,000 원",M,0,1,1,1,1
https://www.nike.com/kr/t/조던-레니게이드-에센셜-남성-라이트웨이트-재킷-NLIJlOAG/FN4623-228,남성 라이트웨이트 재킷,조던 레니게이드 에센셜,재킷 & 베스트,봄버 재킷,"179,000 원",M,0,0,0,0,1
https://www.nike.com/kr/t/fc-바르셀로나-홈-남성-축구-새틴-더그아웃-재킷-WulMF3gj/FQ7785-620,남성 나이키 축구 새틴 더그아웃 재킷,FC 바르셀로나 홈,재킷 & 베스트,봄버 재킷,"205,000 원",M,0,0,0,1,1
https://www.nike.com/kr/t/파리-생제르맹-스트라이크-윈드러너-primaloft-남성-조던-스톰-핏-축구-후드-파카-yoCcFyr9/FV3550-011,남성 조던 스톰 핏 축구 후드 파카,파리 생제르맹 스트라이크 윈드러너 PrimaLoft®,재킷 & 베스트,파카 재킷,"309,000 원",M,0,0,0,1,1
https://www.nike.com/kr/t/조던-플라이트-남성-다운-파카-MHMw8e3t/FV7269-010,남성 다운 파카,조던 플라이트,재킷 & 베스트,파카 재킷,"435,000 원",M,0,0,1,1,1
https://www.nike.com/kr/t/acg-체나-볼텍스-스톰-핏-adv-gore-tex-스키-재킷-WEF5jjOb/FV8892-104,스톰 핏 ADV GORE-TEX 스키 재킷,나이키 ACG '체나 볼텍스',재킷 & 베스트,파카 재킷,"519,000 원",M,0,1,1,1,1
https://www.nike.com/kr/t/윈드러너-남성-스톰-핏-후드-다운-파카-waEZzkgM/FB8180-010,남성 스톰 핏 후드 다운 파카,나이키 윈드러너,재킷 & 베스트,파카 재킷,"345,000 원",M,0,1,1,1,1
https://www.nike.com/kr/t/대한민국-스트라이크-윈드러너-여성-스톰-핏-축구-다운-파카-blptODxr/FJ3901-418,여성 나이키 스톰 핏 축구 다운 파카,대한민국 스트라이크 윈드러너,재킷 & 베스트,파카 재킷,"359,000 원",M,0,0,1,1,1
https://www.nike.com/kr/t/acg-루나-레이크-패딩-primaloft-남성-써마-핏-adv-루즈-후드-재킷-SyLhDyLk/FV8911-010,남성 써마 핏 ADV 루즈 후드 재킷,나이키 ACG '루나 레이크' 패딩 PrimaLoft®,재킷 & 베스트,푸퍼 재킷,"405,000 원",M,0,1,1,1,1
https://www.nike.com/kr/t/스포츠웨어-클럽-남성-써마-핏-패딩-재킷-3qDkh6vu/FZ0866-410,남성 써마 핏 패딩 재킷,나이키 스포츠웨어 클럽,재킷 & 베스트,푸퍼 재킷,"299,000 원",M,0,1,1,1,1
https://www.nike.com/kr/t/써마-핏-아카데미-프로-24-다운-재킷-남성-축구-재킷스톡-oDkgEwtf/FD7709-010,남성 축구 재킷(스톡),나이키 써마 핏 아카데미 프로 24 다운 재킷,재킷 & 베스트,푸퍼 재킷,"209,000 원",M,0,0,1,1,1
https://www.nike.com/kr/t/acg-루나-레이크-primaloft-남성-써마-핏-adv-루즈-후드-재킷-Mc7nFZY8/HF0034-104,남성 써마 핏 ADV 루즈 후드 재킷,나이키 ACG '루나 레이크' PrimaLoft®,재킷 & 베스트,푸퍼 재킷,"459,000 원",M,0,1,1,1,1
https://www.nike.com/kr/t/acg-로프-드-도프-primaloft-남성-써마-핏-adv-재킷-m5zaYiFp/FV8691-010,남성 써마 핏 ADV 재킷,나이키 ACG '로프 드 도프' PrimaLoft®,재킷 & 베스트,푸퍼 재킷,"249,000 원",M,0,0,1,1,1
https://www.nike.com/kr/t/써마-핏-아카데미-프로-24-폴-재킷-남성-축구-재킷-XZE0tXLm/FD7702-010,남성 축구 재킷,나이키 써마 핏 아카데미 프로 24 폴 재킷,재킷 & 베스트,푸퍼 재킷,"179,000 원",M,0,0,1,1,1
https://www.nike.com/kr/t/acg-로프-드-도프-primaloft-남성-써마-핏-adv-재킷-m5zaYiFp/FV8691-573,남성 써마 핏 ADV 재킷,나이키 ACG '로프 드 도프' PrimaLoft®,재킷 & 베스트,푸퍼 재킷,"249,000 원",M,0,0,1,1,1
https://www.nike.com/kr/t/스포츠웨어-클럽-플리스-남성-써마-핏-파카-55AVhz2b/FZ0870-010,남성 써마 핏 파카,나이키 스포츠웨어 클럽 플리스,재킷 & 베스트,푸퍼 재킷,"299,000 원",M,0,1,1,1,1
https://www.nike.com/kr/t/클럽-남성-경량-퀼팅-써마-핏-충전재-재킷-1njRUtHI/FZ0635-010,남성 경량 퀼팅 써마 핏 충전재 재킷,나이키 클럽,재킷 & 베스트,푸퍼 재킷,"189,000 원",M,0,1,1,1,1
https://www.nike.com/kr/t/acg-루나-레이크-패딩-primaloft-남성-써마-핏-adv-루즈-후드-재킷-SyLhDyLk/FV8911-104,남성 써마 핏 ADV 루즈 후드 재킷,나이키 ACG '루나 레이크' 패딩 PrimaLoft®,재킷 & 베스트,푸퍼 재킷,"405,000 원",M,0,1,1,1,1
https://www.nike.com/kr/t/스포츠웨어-클럽-남성-패딩-재킷-WmakTyVV/FB7369-010,남성 패딩 재킷,나이키 스포츠웨어 클럽,재킷 & 베스트,푸퍼 재킷,"239,000 원",M,0,1,1,1,1
https://www.nike.com/kr/t/조던-브루클린-남성-패딩-재킷-j2QlgR8K/FV7317-222,남성 패딩 재킷,조던 브루클린,재킷 & 베스트,푸퍼 재킷,"209,000 원",M,0,0,1,1,1
https://www.nike.com/kr/t/스포츠웨어-클럽-남성-패딩-재킷-WmakTyVV/FB7369-323,남성 패딩 재킷,나이키 스포츠웨어 클럽,재킷 & 베스트,푸퍼 재킷,"239,000 원",M,0,1,1,1,1
https://www.nike.com/kr/t/써마-핏-윈드러너-남성-미드웨이트-패딩-베스트-0kVUN2F3/FB8202-011,남성 미드웨이트 패딩 베스트,나이키 써마 핏 윈드러너,재킷 & 베스트,푸퍼 재킷,"119,000 원",M,0,1,1,1,1
https://www.nike.com/kr/t/acg-루나-레이크-패딩-primaloft-남성-써마-핏-adv-루즈-후드-재킷-SyLhDyLk/FV8911-573,남성 써마 핏 ADV 루즈 후드 재킷,나이키 ACG '루나 레이크' 패딩 PrimaLoft®,재킷 & 베스트,푸퍼 재킷,"405,000 원",M,0,1,1,1,1
https://www.nike.com/kr/t/acg-로프-드-도프-primaloft-남성-써마-핏-adv-재킷-m5zaYiFp/FV8691-104,남성 써마 핏 ADV 재킷,나이키 ACG '로프 드 도프' PrimaLoft®,재킷 & 베스트,푸퍼 재킷,"249,000 원",M,0,0,1,1,1
https://www.nike.com/kr/t/스포츠웨어-클럽-플리스-남성-써마-핏-파카-55AVhz2b/FZ0870-247,남성 써마 핏 파카,나이키 스포츠웨어 클럽 플리스,재킷 & 베스트,푸퍼 재킷,"299,000 원",M,0,1,1,1,1
https://www.nike.com/kr/t/스포츠웨어-클럽-남성-패딩-재킷-WmakTyVV/FB7369-068,남성 패딩 재킷,나이키 스포츠웨어 클럽,재킷 & 베스트,푸퍼 재킷,"239,000 원",M,0,1,1,1,1
https://www.nike.com/kr/t/스포츠웨어-클럽-남성-패딩-재킷-WmakTyVV/FB7369-480,남성 패딩 재킷,나이키 스포츠웨어 클럽,재킷 & 베스트,푸퍼 재킷,"239,000 원",M,0,1,1,1,1
https://www.nike.com/kr/t/스톰-핏-윈드러너-남성-후드-재킷-92x2pnGi/FB8178-010,남성 후드 재킷,나이키 스톰 핏 윈드러너,재킷 & 베스트,푸퍼 재킷,"279,000 원",M,0,1,1,1,1
https://www.nike.com/kr/t/스톰-핏-윈드러너-남성-후드-재킷-92x2pnGi/FB8178-077,남성 후드 재킷,나이키 스톰 핏 윈드러너,재킷 & 베스트,푸퍼 재킷,"279,000 원",M,0,1,1,1,1
https://www.nike.com/kr/t/스톰-핏-윈드러너-남성-충전재-베스트-OLhMbPfU/FB8193-010,남성 충전재 베스트,나이키 스톰 핏 윈드러너,재킷 & 베스트,푸퍼 재킷,"209,000 원",M,0,0,1,1,1
https://www.nike.com/kr/t/리버풀-fc-스트라이크-남성-스톰-핏-축구-재킷-RpTTgC0c/FD7140-061,남성 나이키 스톰 핏 ‏축구 재킷,리버풀 FC 스트라이크,재킷 & 베스트,푸퍼 재킷,"249,000 원",M,0,0,0,0,1
https://www.nike.com/kr/t/조던-플라이트-남성-다운-패딩-재킷-dMzQiAdN/FV7271-010,남성 다운 패딩 재킷,조던 플라이트,재킷 & 베스트,푸퍼 재킷,"279,000 원",M,0,1,1,1,1
https://www.nike.com/kr/t/조던-브루클린-남성-패딩-재킷-j2QlgR8K/FV7317-010,남성 패딩 재킷,조던 브루클린,재킷 & 베스트,푸퍼 재킷,"209,000 원",M,0,1,1,1,1
https://www.nike.com/kr/t/클럽-남성-경량-퀼팅-써마-핏-충전재-재킷-1njRUtHI/FZ0635-224,남성 경량 퀼팅 써마 핏 충전재 재킷,나이키 클럽,재킷 & 베스트,푸퍼 재킷,"189,000 원",M,0,0,1,1,1
https://www.nike.com/kr/t/조던-플라이트-남성-다운-베스트-9f1YMvL5/FV7273-010,남성 다운 베스트,조던 플라이트,재킷 & 베스트,베스트,"189,000 원",M,0,1,1,1,1
https://www.nike.com/kr/t/스포츠웨어-클럽-primaloft-남성-발수-패딩-베스트-VwmEhoTz/FB7374-010,남성 발수 패딩 베스트,나이키 스포츠웨어 클럽 PrimaLoft®,재킷 & 베스트,베스트,"189,000 원",M,0,1,1,1,1
https://www.nike.com/kr/t/스포츠웨어-클럽-남성-윈터라이즈드-베스트-Ez94sA3o/FZ0895-133,남성 윈터라이즈드 베스트,나이키 스포츠웨어 클럽,재킷 & 베스트,베스트,"119,000 원",M,0,1,1,1,1
https://www.nike.com/kr/t/테크-남성-우븐-베스트-cOAaZuJQ/FZ0749-010,남성 우븐 베스트,나이키 테크,재킷 & 베스트,베스트,"149,000 원",M,0,0,1,1,1
https://www.nike.com/kr/t/acg-스컬-피크-primaloft-리버서블-베스트-AwIJk5Lr/FV8695-010,리버서블 베스트,나이키 ACG '스컬 피크' PrimaLoft®,재킷 & 베스트,베스트,"205,000 원",M,0,1,1,1,1
https://www.nike.com/kr/t/남성-써마-핏-adv-리펠-골프-베스트-emwOJFbI/FQ0448-010,남성 써마 핏 ADV 리펠 골프 베스트,나이키,재킷 & 베스트,베스트,"219,000 원",M,0,1,1,1,1
https://www.nike.com/kr/t/써마-핏-adv-리펠-남성-다운-러닝-베스트-9dxWY6wB/FB7543-010,남성 다운 러닝 베스트,나이키 써마 핏 ADV 리펠,재킷 & 베스트,베스트,"209,000 원",M,0,0,0,1,1
https://www.nike.com/kr/t/스포츠웨어-클럽-primaloft-남성-발수-패딩-베스트-VwmEhoTz/FB7374-323,남성 발수 패딩 베스트,나이키 스포츠웨어 클럽 PrimaLoft®,재킷 & 베스트,베스트,"189,000 원",M,0,0,1,1,1
https://www.nike.com/kr/t/써마-핏-언리미티드-남성-트레이닝-베스트-8jGgqder/FB7554-010,남성 트레이닝 베스트,나이키 써마 핏 언리미티드,재킷 & 베스트,베스트,"129,000 원",M,0,0,1,1,1
https://www.nike.com/kr/t/써마-핏-언리미티드-남성-트레이닝-베스트-8jGgqder/FB7554-652,남성 트레이닝 베스트,나이키 써마 핏 언리미티드,재킷 & 베스트,베스트,"129,000 원",M,0,0,1,1,1
https://www.nike.com/kr/t/남성-써마-핏-adv-리펠-골프-베스트-emwOJFbI/FQ0448-478,남성 써마 핏 ADV 리펠 골프 베스트,나이키,재킷 & 베스트,베스트,"219,000 원",M,0,1,1,1,1
https://www.nike.com/kr/t/스포츠웨어-클럽-남성-윈터라이즈드-베스트-Ez94sA3o/FZ0895-010,남성 윈터라이즈드 베스트,나이키 스포츠웨어 클럽,재킷 & 베스트,베스트,"119,000 원",M,0,0,1,1,1
https://www.nike.com/kr/t/라이프-남성-패딩-워크-베스트-2GfkdFGd/FZ6578-014,남성 패딩 워크 베스트,나이키 라이프,재킷 & 베스트,베스트,"195,000 원",M,0,1,1,1,1
https://www.nike.com/kr/t/라이프-남성-패딩-워크-베스트-2GfkdFGd/FZ6578-200,남성 패딩 워크 베스트,나이키 라이프,재킷 & 베스트,베스트,"195,000 원",M,0,1,1,1,1
https://www.nike.com/kr/t/스포츠웨어-클럽-primaloft-남성-발수-패딩-베스트-VwmEhoTz/FB7374-068,남성 발수 패딩 베스트,나이키 스포츠웨어 클럽 PrimaLoft®,재킷 & 베스트,베스트,"189,000 원",M,0,1,1,1,1
https://www.nike.com/kr/t/스포츠웨어-클럽-primaloft-남성-발수-패딩-베스트-VwmEhoTz/FB7374-480,남성 발수 패딩 베스트,나이키 스포츠웨어 클럽 PrimaLoft®,재킷 & 베스트,베스트,"189,000 원",M,0,1,1,1,1
https://www.nike.com/kr/t/써마-핏-adv-리펠-남성-다운-러닝-베스트-9dxWY6wB/FB7543-370,남성 다운 러닝 베스트,나이키 써마 핏 ADV 리펠,재킷 & 베스트,베스트,"209,000 원",M,0,0,1,1,1
https://www.nike.com/kr/t/스포츠웨어-윈드러너-스톰-핏-남성-다운-베스트-omkT0guf/FB8184-010,남성 다운 베스트,나이키 스포츠웨어 윈드러너 스톰 핏,재킷 & 베스트,베스트,"209,000 원",M,0,1,1,1,1
https://www.nike.com/kr/t/스포츠웨어-윈드러너-스톰-핏-남성-다운-베스트-omkT0guf/FB8184-077,남성 다운 베스트,나이키 스포츠웨어 윈드러너 스톰 핏,재킷 & 베스트,베스트,"209,000 원",M,0,0,1,1,0
https://www.nike.com/kr/t/트레일-primaloft-남성-써마-핏-러닝-베스트-09BEhuYW/FZ0002-010,남성 써마 핏 러닝 베스트,나이키 트레일 PrimaLoft®,재킷 & 베스트,베스트,"189,000 원",M,0,0,1,1,1
https://www.nike.com/kr/t/트레일-primaloft-남성-써마-핏-러닝-베스트-09BEhuYW/FZ0002-716,남성 써마 핏 러닝 베스트,나이키 트레일 PrimaLoft®,재킷 & 베스트,베스트,"189,000 원",M,0,0,1,1,1
https://www.nike.com/kr/t/스포츠웨어-클럽-남성-윈터라이즈드-베스트-Ez94sA3o/FZ0895-068,남성 윈터라이즈드 베스트,나이키 스포츠웨어 클럽,재킷 & 베스트,베스트,"119,000 원",M,0,0,1,1,1
https://www.nike.com/kr/t/러닝-디비전-남성-써마-핏-adv-러닝-베스트-glyycoCi/FZ1132-035,남성 써마 핏 ADV 러닝 베스트,나이키 러닝 디비전,재킷 & 베스트,베스트,"179,000 원",M,0,0,1,1,1
https://www.nike.com/kr/t/윈드러너-남성-리펠-러닝-재킷-pwZWYlUs/FB7541-010,남성 리펠 러닝 재킷,나이키 윈드러너,재킷 & 베스트,레인 재킷,"149,000 원",M,0,0,1,1,1
https://www.nike.com/kr/t/acg-스톰-핏-캐스케이드-레인즈-남성-풀집-재킷-S489X3xo/DV9416-010,남성 풀집 재킷,나이키 ACG 스톰 핏 '캐스케이드 레인즈',재킷 & 베스트,레인 재킷,"209,000 원",M,0,0,1,1,1
https://www.nike.com/kr/t/윈드러너-남성-리펠-러닝-재킷-pwZWYlUs/FB7541-100,남성 리펠 러닝 재킷,나이키 윈드러너,재킷 & 베스트,레인 재킷,"149,000 원",M,0,0,0,0,1
https://www.nike.com/kr/t/리펠-마일러-남성-러닝-재킷-ucmVtuI1/DD4747-010,남성 러닝 재킷,나이키 리펠 마일러,재킷 & 베스트,레인 재킷,"115,000 원",M,0,1,1,1,1
https://www.nike.com/kr/t/acg-스톰-핏-캐스케이드-레인즈-남성-풀집-재킷-S489X3xo/DV9416-390,남성 풀집 재킷,나이키 ACG 스톰 핏 '캐스케이드 레인즈',재킷 & 베스트,레인 재킷,"209,000 원",M,0,0,0,0,1
https://www.nike.com/kr/t/acg-스톰-핏-캐스케이드-레인즈-남성-풀집-재킷-S489X3xo/DV9416-025,남성 풀집 재킷,나이키 ACG 스톰 핏 '캐스케이드 레인즈',재킷 & 베스트,레인 재킷,"209,000 원",M,0,0,0,1,1
https://www.nike.com/kr/t/클럽-플리스-남성-윈터라이즈드-재킷-RDou1RRM/FB8387-010,남성 윈터라이즈드 재킷,나이키 클럽 플리스,재킷 & 베스트,플리스 재킷,"129,000 원",M,0,0,0,1,1
https://www.nike.com/kr/t/클럽-플리스-남성-윈터라이즈드-재킷-RDou1RRM/FB8387-068,남성 윈터라이즈드 재킷,나이키 클럽 플리스,재킷 & 베스트,플리스 재킷,"129,000 원",M,0,0,0,0,1
https://www.nike.com/kr/t/테크-윈드러너-남성-우븐-풀집-재킷-qmLY42K7/HM7152-014,남성 우븐 풀집 재킷,나이키 테크 윈드러너,재킷 & 베스트,트랙 재킷,"179,000 원",M,0,1,1,1,1
https://www.nike.com/kr/t/테크-윈드러너-남성-우븐-풀집-재킷-qmLY42K7/HM7152-104,남성 우븐 풀집 재킷,나이키 테크 윈드러너,재킷 & 베스트,트랙 재킷,"179,000 원",M,0,1,1,1,1
https://www.nike.com/kr/t/조던-스포츠-남성-스톰-핏-adv-재킷-LaHK4fC3/HV6590-010,남성 스톰 핏 ADV 재킷,조던 스포츠,재킷 & 베스트,트랙 재킷,"289,000 원",M,0,1,1,1,1
https://www.nike.com/kr/t/폼-남성-드라이-핏-다용도-재킷-gi10cX5C/FB7500-010,남성 드라이 핏 다용도 재킷,나이키 폼,재킷 & 베스트,트랙 재킷,"85,000 원",M,0,0,1,1,1
https://www.nike.com/kr/t/스우시-남성-우븐-재킷-khTE1PsZ/FB7878-010,남성 우븐 재킷,나이키 스우시,재킷 & 베스트,트랙 재킷,"155,000 원",M,0,0,1,1,1
https://www.nike.com/kr/t/파리-생제르맹-스트라이크-남성-드라이-핏-축구-재킷-mdebhot1/FN9799-100,남성 나이키 드라이 핏 축구 재킷,파리 생제르맹 스트라이크,재킷 & 베스트,트랙 재킷,"179,000 원",M,0,0,0,0,1
https://www.nike.com/kr/t/클럽-남성-폴리-니트-트랙수트-xLdmJRie/FB7352-010,남성 폴리 니트 트랙수트,나이키 클럽,재킷 & 베스트,트랙 재킷,"109,000 원",M,0,0,0,0,1
https://www.nike.com/kr/t/스우시-남성-우븐-재킷-khTE1PsZ/FB7878-113,남성 우븐 재킷,나이키 스우시,재킷 & 베스트,트랙 재킷,"155,000 원",M,0,0,1,1,1
https://www.nike.com/kr/t/jacquemus-트랙-재킷-YRib5TP5/FV5698-642,트랙 재킷,나이키 x Jacquemus,재킷 & 베스트,트랙 재킷,"289,000 원",M,0,0,0,1,1
https://www.nike.com/kr/t/클럽-남성-니트-재킷-Ong1F59u/FQ3427-010,남성 니트 재킷,나이키 클럽,재킷 & 베스트,트랙 재킷,"95,000 원",M,0,1,1,1,1
https://www.nike.com/kr/t/드라이-핏-아카데미-남성-축구-트랙수트-Db742C18/DV9754-010,남성 축구 트랙수트,나이키 드라이 핏 아카데미,재킷 & 베스트,트랙 재킷,"95,000 원",M,0,0,1,1,1
https://www.nike.com/kr/t/조던-스포츠-잼-남성-워밍업-재킷-DbXh6tHp/FN5848-011,남성 워밍업 재킷,조던 스포츠 잼,재킷 & 베스트,트랙 재킷,"145,000 원",M,0,1,1,1,1
https://www.nike.com/kr/t/파리-생제르맹-스트라이크-서드-남성-조던-드라이-핏-축구-니트-트랙수트-7cDYlTxD/FQ2474-111,남성 조던 드라이 핏 축구 니트 트랙수트,파리 생제르맹 스트라이크 서드,재킷 & 베스트,트랙 재킷,"149,000 원",M,0,0,0,1,1
https://www.nike.com/kr/t/fc-바르셀로나-스트라이크-서드-남성-드라이-핏-축구-앤썸-재킷-6JbLbc5u/FQ2597-417,남성 나이키 드라이 핏 축구 앤썸 재킷,FC 바르셀로나 스트라이크 서드,재킷 & 베스트,트랙 재킷,"179,000 원",M,0,0,0,1,1
https://www.nike.com/kr/t/테크-윈드러너-남성-우븐-풀집-재킷-qmLY42K7/HM7152-010,남성 우븐 풀집 재킷,나이키 테크 윈드러너,재킷 & 베스트,트랙 재킷,"179,000 원",M,0,1,1,1,1
https://www.nike.com/kr/t/테크-윈드러너-남성-우븐-풀집-재킷-qmLY42K7/HM7152-013,남성 우븐 풀집 재킷,나이키 테크 윈드러너,재킷 & 베스트,트랙 재킷,"179,000 원",M,0,1,1,1,1
https://www.nike.com/kr/t/테크-윈드러너-남성-우븐-풀집-재킷-qmLY42K7/HM7152-223,남성 우븐 풀집 재킷,나이키 테크 윈드러너,재킷 & 베스트,트랙 재킷,"179,000 원",M,0,1,1,1,1
https://www.nike.com/kr/t/조던-플라이트-남성-하이파일-플리스-팬츠-t5q0FviN/FV7450-010,남성 하이파일 플리스 팬츠,조던 플라이트,팬츠 & 타이츠,조거 & 스웻팬츠,"135,000 원",M,0,0,1,1,1
https://www.nike.com/kr/t/acg-캔웰-글레이셔-써마-핏-adv-윈드프루프-팬츠-K4qafSd1/FV8828-247,써마 핏 ADV 윈드프루프 팬츠,나이키 ACG '캔웰 글레이셔',팬츠 & 타이츠,조거 & 스웻팬츠,"185,000 원",M,0,1,1,1,1
https://www.nike.com/kr/t/조던-에센셜-남성-플리스-팬츠-o84jSfV1/FV7462-223,남성 플리스 팬츠,조던 에센셜,팬츠 & 타이츠,조거 & 스웻팬츠,"95,000 원",M,0,0,1,1,1
https://www.nike.com/kr/t/스포츠웨어-클럽-남성-겨울용-팬츠-yvUz25aP/FZ0900-077,남성 겨울용 팬츠,나이키 스포츠웨어 클럽,팬츠 & 타이츠,조거 & 스웻팬츠,"109,000 원",M,0,1,0,1,1
https://www.nike.com/kr/t/남성-써마-핏-테이퍼드-피트니스-팬츠-VPgoMUYm/FZ1063-019,남성 써마 핏 테이퍼드 피트니스 팬츠,나이키,팬츠 & 타이츠,조거 & 스웻팬츠,"89,000 원",M,0,0,1,1,1
https://www.nike.com/kr/t/솔로-스우시-남성-플리스-팬츠-cTs7XmJn/DX1365-051,남성 플리스 팬츠,나이키 솔로 스우시,팬츠 & 타이츠,조거 & 스웻팬츠,"115,000 원",M,0,1,1,1,1
https://www.nike.com/kr/t/르브론-스탠다드-이슈-남성-써마-핏-농구-팬츠-BA3THjJ1/FZ1037-010,남성 써마 핏 농구 팬츠,르브론 스탠다드 이슈,팬츠 & 타이츠,조거 & 스웻팬츠,"139,000 원",M,0,0,0,1,1
https://www.nike.com/kr/t/자남성-플리스-농구-조거-팬츠-qlUDFl4U/FZ1041-657,남성 플리스 농구 조거 팬츠,자,팬츠 & 타이츠,조거 & 스웻팬츠,"95,000 원",M,0,0,1,1,1
https://www.nike.com/kr/t/조던-스포츠-크로스오버-남성-드라이-핏-플리스-팬츠-6b93joEO/FV8608-469,남성 드라이 핏 플리스 팬츠,조던 스포츠 크로스오버,팬츠 & 타이츠,조거 & 스웻팬츠,"85,000 원",M,0,1,1,1,1
https://www.nike.com/kr/t/써마-스피어-남성-써마-핏-발수-윈터라이즈드-피트니스-조거-saxjRQVX/FZ1110-010,남성 써마 핏 발수 윈터라이즈드 피트니스 조거,나이키 써마 스피어,팬츠 & 타이츠,조거 & 스웻팬츠,"135,000 원",M,0,1,1,1,1
https://www.nike.com/kr/t/클럽-남성-플리스-번지-팬츠-hwG7MtF8/FZ0810-010,남성 플리스 번지 팬츠,나이키 클럽,팬츠 & 타이츠,조거 & 스웻팬츠,"89,000 원",M,1,1,1,1,1
https://www.nike.com/kr/t/파리-생제르맹-남성-우븐-팬츠-jkv0W94U/FV7732-045,남성 우븐 팬츠,파리 생제르맹,팬츠 & 타이츠,조거 & 스웻팬츠,"129,000 원",M,0,0,1,0,1
https://www.nike.com/kr/t/클럽-플리스-남성-오버사이즈-프렌치-테리-팬츠-qIZd7gx2/HJ1823-104,남성 오버사이즈 프렌치 테리 팬츠,나이키 클럽 플리스,팬츠 & 타이츠,조거 & 스웻팬츠,"95,000 원",M,0,0,1,1,1
https://www.nike.com/kr/t/스포츠웨어-클럽-플리스-남성-팬츠-j6He7cbU/BV2708-323,남성 팬츠,나이키 스포츠웨어 클럽 플리스,팬츠 & 타이츠,조거 & 스웻팬츠,"79,000 원",M,0,0,1,1,1
https://www.nike.com/kr/t/스포츠웨어-스우시-남성-오픈-헴-플리스-팬츠-oa6moVbG/FN3343-010,남성 오픈 헴 플리스 팬츠,나이키 스포츠웨어 스우시,팬츠 & 타이츠,조거 & 스웻팬츠,"135,000 원",M,1,1,1,1,1
https://www.nike.com/kr/t/요가-드라이-핏-남성-팬츠-DOKQoZ2R/CZ2209-010,남성 팬츠,나이키 요가 드라이 핏,팬츠 & 타이츠,조거 & 스웻팬츠,"89,000 원",M,0,1,1,1,1
https://www.nike.com/kr/t/대한민국-테크-남성-축구-플리스-조거-XvNmZEMU/FJ7208-418,남성 나이키 축구 플리스 조거,대한민국 테크,팬츠 & 타이츠,조거 & 스웻팬츠,"149,000 원",M,0,0,0,0,1
https://www.nike.com/kr/t/조던-플라이트-플리스-남성-팬츠-PdaA2Rbo/FV7253-222,남성 팬츠,조던 플라이트 플리스,팬츠 & 타이츠,조거 & 스웻팬츠,"119,000 원",M,0,1,1,1,1
https://www.nike.com/kr/t/조던-브루클린-플리스-남성-팬츠-c6cIe3gw/FV7277-469,남성 팬츠,조던 브루클린 플리스,팬츠 & 타이츠,조거 & 스웻팬츠,"85,000 원",M,0,1,1,1,1
https://www.nike.com/kr/t/sb-엘라스틱-코듀로이-스케이트보딩-팬츠-t4fwEQhW/FV7396-281,엘라스틱 코듀로이 스케이트보딩 팬츠,나이키 SB,팬츠 & 타이츠,조거 & 스웻팬츠,"119,000 원",M,0,0,1,1,1
https://www.nike.com/kr/t/써마-핏-남성-테이퍼드-트레이닝-팬츠-8OArQK4e/DQ5406-010,남성 테이퍼드 트레이닝 팬츠,나이키 써마 핏,팬츠 & 타이츠,조거 & 스웻팬츠,"85,000 원",M,0,0,1,0,0
https://www.nike.com/kr/t/클럽-남성-니트-조거-VWo1Torz/FQ4331-063,남성 니트 조거,나이키 클럽,팬츠 & 타이츠,조거 & 스웻팬츠,"65,000 원",M,0,1,1,0,1
https://www.nike.com/kr/t/드라이-핏-남성-테이퍼드-트레이닝-팬츠-TW3pSeu5/CZ6380-010,남성 테이퍼드 트레이닝 팬츠,나이키 드라이 핏,팬츠 & 타이츠,조거 & 스웻팬츠,"85,000 원",M,0,0,1,0,0
https://www.nike.com/kr/t/조던-브루클린-플리스-남성-팬츠-KGAeZxQR/DQ7340-010,조던 브루클린 플리스,조던 브루클린 플리스,팬츠 & 타이츠,조거 & 스웻팬츠,"85,000 원",M,0,0,0,0,1
https://www.nike.com/kr/t/조던-플라이트-플리스-남성-팬츠-3dD8uFoX/FV7251-010,남성 팬츠,조던 플라이트 플리스,팬츠 & 타이츠,조거 & 스웻팬츠,"105,000 원",M,0,0,1,1,1
https://www.nike.com/kr/t/프로-써마-핏-남성-팬츠-s68SPv3W/DD2123-010,남성 팬츠,나이키 프로 써마 핏,팬츠 & 타이츠,조거 & 스웻팬츠,"119,000 원",M,0,0,1,1,1
https://www.nike.com/kr/t/조던-브루클린-플리스-남성-팬츠-tPVfdtFo/FV7279-091,남성 팬츠,조던 브루클린 플리스,팬츠 & 타이츠,조거 & 스웻팬츠,"85,000 원",M,0,0,0,0,1
https://www.nike.com/kr/t/코트-헤리티지-남성-프렌치-테리-테니스-팬츠-XwhJwIma/DQ4588-010,남성 프렌치 테리 테니스 팬츠,나이키코트 헤리티지,팬츠 & 타이츠,조거 & 스웻팬츠,"99,000 원",M,0,1,1,1,1
https://www.nike.com/kr/t/투어-리펠-남성-골프-조거-팬츠-qcuEcufp/FD5718-010,남성 골프 조거 팬츠,나이키 투어 리펠,팬츠 & 타이츠,조거 & 스웻팬츠,"149,000 원",M,0,0,0,0,0
https://www.nike.com/kr/t/파리-생제르맹-스탠다드-이슈-남성-드라이-핏-축구-테이퍼드-팬츠-t6Wqv83w/FQ3078-410,남성 나이키 드라이 핏 축구 테이퍼드 팬츠,파리 생제르맹 스탠다드 이슈,팬츠 & 타이츠,조거 & 스웻팬츠,"129,000 원",M,0,0,0,1,1
https://www.nike.com/kr/t/클럽-남성-프렌치-테리-커프스-팬츠-7b2umYIN/FZ0767-010,남성 프렌치 테리 커프스 팬츠,나이키 클럽,팬츠 & 타이츠,조거 & 스웻팬츠,"95,000 원",M,0,0,1,0,0
https://www.nike.com/kr/t/테크-남성-우븐-테이퍼드-레그-팬츠-PGwpYwRh/FZ0759-010,남성 우븐 테이퍼드 레그 팬츠,나이키 테크,팬츠 & 타이츠,조거 & 스웻팬츠,"119,000 원",M,0,0,1,0,1
https://www.nike.com/kr/t/스포츠웨어-테크-플리스-남성-슬림-핏-조거-5uZEZLKB/FB8003-464,남성 슬림 핏 조거,나이키 스포츠웨어 테크 플리스,팬츠 & 타이츠,조거 & 스웻팬츠,"149,000 원",M,0,0,1,1,1
https://www.nike.com/kr/t/프라이머리-플리스-남성-드라이-핏-uv-테이퍼드-퍼포먼스-팬츠-2cK5x5EQ/FZ5851-010,남성 드라이 핏 UV 테이퍼드 퍼포먼스 팬츠,나이키 프라이머리 플리스,팬츠 & 타이츠,조거 & 스웻팬츠,"95,000 원",M,0,0,1,1,1
https://www.nike.com/kr/t/써마-핏-남성-피트니스-팬츠-FWwIu2AN/DQ4857-010,남성 피트니스 팬츠,나이키 써마 핏,팬츠 & 타이츠,조거 & 스웻팬츠,"85,000 원",M,0,0,1,1,1
https://www.nike.com/kr/t/조던-스포츠-후프-플리스-남성-드라이-핏-팬츠-3Yw6NNKI/FV8604-050,남성 드라이 핏 팬츠,조던 스포츠 후프 플리스,팬츠 & 타이츠,조거 & 스웻팬츠,"119,000 원",M,0,0,0,0,1
https://www.nike.com/kr/t/드라이-핏-남성-테이퍼드-피트니스-팬츠-GGovnqzk/FB8578-476,남성 테이퍼드 피트니스 팬츠,나이키 드라이 핏,팬츠 & 타이츠,조거 & 스웻팬츠,"95,000 원",M,0,0,1,1,0
https://www.nike.com/kr/t/클럽-플리스-남성-플리스-조거-DP5wQEMW/FN3095-010,남성 플리스 조거,나이키 클럽 플리스,팬츠 & 타이츠,조거 & 스웻팬츠,"99,000 원",M,0,1,1,1,1
https://www.nike.com/kr/t/조던-스포츠-후프-플리스-남성-드라이-핏-팬츠-kHb8Qe85/FV8622-010,남성 드라이 핏 팬츠,조던 스포츠 후프 플리스,팬츠 & 타이츠,조거 & 스웻팬츠,"135,000 원",M,0,1,1,1,1
https://www.nike.com/kr/t/조던-mvp-남성-플리스-팬츠-nU04xgNr/FV7229-010,남성 플리스 팬츠,조던 MVP,팬츠 & 타이츠,조거 & 스웻팬츠,"95,000 원",M,0,1,1,1,1
https://www.nike.com/kr/t/조던-스포츠-크로스오버-남성-드라이-핏-플리스-팬츠-CjMCsqgC/FV8628-010,남성 드라이 핏 플리스 팬츠,조던 스포츠 크로스오버,팬츠 & 타이츠,조거 & 스웻팬츠,"89,000 원",M,0,1,1,1,1
https://www.nike.com/kr/t/스탠다드-이슈-남성-드라이-핏-농구-팬츠-GuXmLQFe/FZ0225-010,남성 드라이 핏 농구 팬츠,나이키 스탠다드 이슈,팬츠 & 타이츠,조거 & 스웻팬츠,"109,000 원",M,0,1,1,1,1
https://www.nike.com/kr/t/스포츠웨어-클럽-남성-플리스-커프-팬츠-XlMCvITr/FZ0882-010,남성 플리스 커프 팬츠,나이키 스포츠웨어 클럽,팬츠 & 타이츠,조거 & 스웻팬츠,"119,000 원",M,0,0,1,1,1
https://www.nike.com/kr/t/남성-써마-핏-피트니스-팬츠-VxvakNoK/FZ1075-010,남성 써마 핏 피트니스 팬츠,나이키,팬츠 & 타이츠,조거 & 스웻팬츠,"95,000 원",M,0,0,1,1,1
https://www.nike.com/kr/t/페놈-러닝-디비전-남성-드라이-핏-러닝-팬츠-Bes82S4b/FZ1134-010,남성 드라이 핏 러닝 팬츠,나이키 페놈 러닝 디비전,팬츠 & 타이츠,조거 & 스웻팬츠,"139,000 원",M,0,0,1,1,1
https://www.nike.com/kr/t/테크-남성-테일러드-플리스-팬츠-IPrgac9D/FZ7584-060,남성 테일러드 플리스 팬츠,나이키 테크,팬츠 & 타이츠,조거 & 스웻팬츠,"175,000 원",M,1,1,1,1,1
https://www.nike.com/kr/t/테크-남성-플리스-팬츠-xhPU5V9O/FZ7594-010,남성 플리스 팬츠,나이키 테크,팬츠 & 타이츠,조거 & 스웻팬츠,"159,000 원",M,1,1,1,1,1
https://www.nike.com/kr/t/프로-남성-드라이-핏-피트니스-타이츠-N7va56j1/FB7953-010,남성 드라이 핏 피트니스 타이츠,나이키 프로,팬츠 & 타이츠,타이츠 & 레깅스,"45,000 원",M,0,1,1,1,1
https://www.nike.com/kr/t/에어로스위프트-남성-드라이-핏-adv-러닝-타이츠-oFyTX2ug/FN3368-010,남성 드라이 핏 ADV 러닝 타이츠,나이키 에어로스위프트,팬츠 & 타이츠,타이츠 & 레깅스,"129,000 원",M,0,0,0,0,1
https://www.nike.com/kr/t/드라이-핏-챌린저-남성-러닝-타이츠-lpl3FLN1/CZ8831-010,남성 러닝 타이츠,나이키 드라이 핏 챌린저,팬츠 & 타이츠,타이츠 & 레깅스,"69,000 원",M,0,0,0,0,1
https://www.nike.com/kr/t/프로-웜-남성-타이츠-PRvtEQ9M/FB7962-010,남성 타이츠,나이키 프로 웜,팬츠 & 타이츠,타이츠 & 레깅스,"59,000 원",M,0,1,1,1,1
https://www.nike.com/kr/t/스포츠웨어-남성-브레이킹-라인드-윈드러너-팬츠-6k1CeDCt/HF7823-010,남성 브레이킹 라인드 윈드러너 팬츠,나이키 스포츠웨어,트랙수트,트랙수트 하의,"119,000 원",M,0,1,1,1,1
https://www.nike.com/kr/t/윈드러너-남성-우븐-라인드-팬츠-6xTsfhoB/DX0654-011,남성 우븐 라인드 팬츠,나이키 윈드러너,트랙수트,트랙수트 하의,"109,000 원",M,0,0,0,1,0
https://www.nike.com/kr/t/에어-조던-남성-팬츠-kH7zqwsI/FZ2134-045,남성 팬츠,에어 조던,트랙수트,트랙수트 하의,"175,000 원",M,0,0,0,0,1
https://www.nike.com/kr/t/폼-남성-드라이-핏-오픈-헴-다용도-팬츠-0hnpOb0V/FB7491-010,남성 드라이 핏 오픈 헴 다용도 팬츠,나이키 폼,트랙수트,트랙수트 하의,"69,000 원",M,0,0,1,1,1
https://www.nike.com/kr/t/조던-스포츠-크로스오버-남성-드라이-핏-플리스-팬츠-6b93joEO/FV8608-687,남성 드라이 핏 플리스 팬츠,조던 스포츠 크로스오버,트랙수트,트랙수트 하의,"85,000 원",M,0,0,0,0,1
https://www.nike.com/kr/t/조던-스포츠-잼-남성-웜업-팬츠-VFfuWmR6/FN5850-010,남성 웜업 팬츠,조던 스포츠 잼,트랙수트,트랙수트 하의,"119,000 원",M,0,0,0,0,1
https://www.nike.com/kr/t/챌린저-남성-드라이-핏-우븐-러닝-팬츠-mCUPpai2/FQ4781-010,남성 드라이 핏 우븐 러닝 팬츠,나이키 챌린저,트랙수트,트랙수트 하의,"89,000 원",M,0,0,1,1,1
https://www.nike.com/kr/t/챌린저-남성-드라이-핏-우븐-러닝-팬츠-x0dNCDrO/HJ8129-010,남성 드라이 핏 우븐 러닝 팬츠,나이키 챌린저,트랙수트,트랙수트 하의,"95,000 원",M,0,1,1,1,1
https://www.nike.com/kr/t/스트라이크-남성-드라이-핏-축구-팬츠-QsZndFmM/FN2406-010,남성 드라이 핏 축구 팬츠,나이키 스트라이크,트랙수트,트랙수트 하의,"89,000 원",M,0,0,0,1,0
https://www.nike.com/kr/t/폼-남성-드라이-핏-테이퍼드-다용도-팬츠-aJuySLb8/FV9764-010,남성 드라이 핏 테이퍼드 다용도 팬츠,나이키 폼,트랙수트,트랙수트 하의,"75,000 원",M,0,1,1,1,1
https://www.nike.com/kr/t/파리-생제르맹-스트라이크-남성-드라이-핏-축구-니트-팬츠-DMTdIZSg/FN9429-610,남성 나이키 드라이 핏 축구 니트 팬츠,파리 생제르맹 스트라이크,트랙수트,트랙수트 하의,"95,000 원",M,0,0,1,1,1
https://www.nike.com/kr/t/브라질-1998-레트로-남성-축구-레플리카-트랙-팬츠-wHi8frei/FZ6716-438,남성 나이키 축구 레플리카 트랙 팬츠,브라질 1998 레트로,트랙수트,트랙수트 하의,"129,000 원",M,0,0,0,0,1
https://www.nike.com/kr/t/아카데미-남성-발수-축구-팬츠-LgJdDhWg/FZ0497-010,남성 발수 축구 팬츠,나이키 아카데미,트랙수트,트랙수트 하의,"85,000 원",M,0,1,1,1,1
https://www.nike.com/kr/t/fc-바르셀로나-스트라이크-서드-남성-드라이-핏-축구-팬츠-DljTcLoa/FQ2452-062,남성 나이키 드라이 핏 축구 팬츠,FC 바르셀로나 스트라이크 서드,트랙수트,트랙수트 하의,"95,000 원",M,0,0,1,1,1
https://www.nike.com/kr/t/리버풀-fc-스트라이크-서드-남성-드라이-핏-축구-팬츠-V2twbuck/FQ2454-070,남성 나이키 드라이 핏 축구 팬츠,리버풀 FC 스트라이크 서드,트랙수트,트랙수트 하의,"95,000 원",M,0,0,1,1,1
https://www.nike.com/kr/t/파리-생제르맹-스트라이크-서드-남성-조던-드라이-핏-축구-팬츠-9SzihmYW/FQ2456-010,남성 조던 드라이 핏 축구 팬츠,파리 생제르맹 스트라이크 서드,트랙수트,트랙수트 하의,"95,000 원",M,0,0,1,1,1
https://www.nike.com/kr/t/조던-스포츠-잼-남성-웜업-팬츠-VFfuWmR6/FN5850-011,남성 웜업 팬츠,조던 스포츠 잼,트랙수트,트랙수트 셋업,"119,000 원",M,1,1,1,1,1
